Time (h),Potential (V)
0.0,3.2042961
0.001388888888888889,3.1608529
0.002777777777777778,3.151252
0.004166666666666667,3.1414032
0.005555555555555556,3.1319742
0.006944444444444444,3.122545
0.008333333333333333,3.1129253
0.009722222222222222,3.1034579
0.011111111111111112,3.0940864
0.0125,3.0845046
0.013888888888888888,3.0751519
0.015277777777777777,3.0656848
0.016666666666666666,3.0562174
0.018055555555555554,3.0466359
0.019444444444444445,3.037035
0.020833333333333332,3.0276632
0.022222222222222223,3.018158
0.02361111111111111,3.0088434
0.025,2.9992807
0.02638888888888889,2.9899855
0.027777777777777776,2.9805181
0.029166666666666667,2.9710701
0.030555555555555555,2.961813
0.03194444444444444,2.9523838
0.03333333333333333,2.9431839
0.034722222222222224,2.9340031
0.03611111111111111,2.9246695
0.0375,2.9157557
0.03888888888888889,2.9066131
0.04027777777777778,2.8975658
0.041666666666666664,2.8887665
0.043055555555555555,2.8799865
0.044444444444444446,2.8711493
0.04583333333333333,2.8625028
0.04722222222222222,2.8538945
0.04861111111111111,2.8452864
0.05,2.8370025
0.05138888888888889,2.8284705
0.05277777777777778,2.8202059
0.05416666666666667,2.8120747
0.05555555555555555,2.804039
0.05694444444444444,2.7960608
0.058333333333333334,2.7880824
0.059722222222222225,2.780333
0.06111111111111111,2.7725263
0.0625,2.7649488
0.06388888888888888,2.7573712
0.06527777777777778,2.7499845
0.06666666666666667,2.7424834
0.06805555555555555,2.7352684
0.06944444444444445,2.7280917
0.07083333333333333,2.7208958
0.07222222222222222,2.7139289
0.07361111111111111,2.7068286
0.075,2.6999955
0.0763888888888889,2.6931431
0.07777777777777778,2.6863101
0.07916666666666666,2.679744
0.08055555555555556,2.6730254
0.08194444444444444,2.6665549
0.08333333333333333,2.6599698
0.08472222222222223,2.6535757
0.08611111111111111,2.6471243
0.0875,2.6408446
0.08888888888888889,2.634584
0.09027777777777778,2.6281135
0.09166666666666666,2.6220438
0.09305555555555556,2.6160886
0.09444444444444444,2.610019
0.09583333333333334,2.6039302
0.09722222222222222,2.598166
0.09861111111111111,2.5923061
0.1,2.5862937
0.10138888888888889,2.580663
0.10277777777777777,2.5747652
0.10416666666666667,2.5690391
0.10555555555555556,2.5635037
0.10694444444444444,2.5577967
0.10833333333333334,2.5523188
0.10972222222222222,2.5468407
0.1111111111111111,2.5411146
0.1125,2.5354457
0.11388888888888889,2.5298915
0.11527777777777778,2.524318
0.11666666666666667,2.5188019
0.11805555555555555,2.5132093
0.11944444444444445,2.5079412
0.12083333333333333,2.5022914
0.12222222222222222,2.4966991
0.12361111111111112,2.4913929
0.125,2.4860103
0.12638888888888888,2.4806278
0.12777777777777777,2.475455
0.12916666666666668,2.4699581
0.13055555555555556,2.4645755
0.13194444444444445,2.4593074
0.13333333333333333,2.4541159
0.13472222222222222,2.4488478
0.1361111111111111,2.4434271
0.1375,2.4384453
0.1388888888888889,2.4332917
0.14027777777777778,2.4284246
0.14166666666666666,2.4233093
0.14305555555555555,2.4183085
0.14444444444444443,2.4134221
0.14583333333333334,2.4086313
0.14722222222222223,2.4036877
0.1486111111111111,2.3989351
0.15,2.3941634
0.15138888888888888,2.389468
0.1527777777777778,2.3849442
0.15416666666666667,2.3803632
0.15555552777777779,2.376107
0.15694441666666667,2.3721178
0.15833330555555555,2.3677468
0.15972219444444447,2.3637004
0.16111108333333335,2.3598828
0.16249997222222223,2.3562562
0.16388886111111112,2.3528397
0.16527775,2.3494232
0.16666663888888889,2.3463502
0.1680555277777778,2.3433726
0.16944441666666668,2.3407004
0.17083330555555556,2.3380854
0.17222219444444445,2.3357949
0.17361108333333333,2.3336763
0.17499997222222222,2.3316722
0.17638886111111113,2.3298399
0.17777775,2.3280838
0.1791666388888889,2.3264997
0.18055552777777778,2.325068
0.18194441666666666,2.3235221
0.18333330555555558,2.3223386
0.18472219444444446,2.3209643
0.18611108333333334,2.3198192
0.18749997222222223,2.3186738
0.1888888611111111,2.317605
0.19027775,2.3167078
0.1916666388888889,2.3156581
0.1930555277777778,2.3149328
0.19444441666666668,2.3140738
0.19583330555555556,2.3133295
0.19722219444444444,2.3124707
0.19861108333333333,2.3117261
0.19999997222222224,2.311039
0.20138886111111112,2.31039
0.20277775,2.3096457
0.2041666388888889,2.3090732
0.20555552777777777,2.3084433
0.2069444166666667,2.3079278
0.20833330555555557,2.3073742
0.20972219444444445,2.3067827
0.21111108333333334,2.3063819
0.21249997222222222,2.3058093
0.2138888611111111,2.3054276
0.21527775000000002,2.3049693
0.2166666388888889,2.3043203
0.21805552777777779,2.3039386
0.21944441666666667,2.3035378
0.22083330555555555,2.3031561
0.22222219444444447,2.3027744
0.22361108333333335,2.3021827
0.22499997222222223,2.3018963
0.22638886111111112,2.3016863
0.22777775,2.3012474
0.22916663888888889,2.3008657
0.2305555277777778,2.3005984
0.23194441666666668,2.3003504
0.23333330555555556,2.2999494
0.23472219444444445,2.2996824
0.23611108333333333,2.2992432
0.23749997222222222,2.2989759
0.23888886111111113,2.2988806
0.24027775,2.2984226
0.2416666388888889,2.2981362
0.24305552777777778,2.297888
0.24444441666666666,2.2976017
0.24583330555555558,2.2972581
0.24722219444444446,2.2970102
0.24861108333333334,2.2968764
0.24999997222222223,2.296571
0.25138886111111114,2.2963421
0.25277775,2.2961893
0.2541666388888889,2.2959602
0.2555555277777778,2.2957122
0.2569444166666667,2.295445
0.25833330555555556,2.2954259
0.25972219444444444,2.2951205
0.2611110833333333,2.2949677
0.2624999722222222,2.2946625
0.2638888611111111,2.2944334
0.26527775000000003,2.2942615
0.2666666388888889,2.2940516
0.2680555277777778,2.2937462
0.2694444166666667,2.2937081
0.27083330555555557,2.2934408
0.27222219444444445,2.2931736
0.27361108333333334,2.2929635
0.2749999722222222,2.2928491
0.2763888611111111,2.2926774
0.27777775,2.2925818
0.2791666388888889,2.2923148
0.28055552777777776,2.2921429
0.2819444166666667,2.291971
0.2833333055555556,2.2919137
0.28472219444444447,2.2918375
0.28611108333333335,2.2916849
0.28749997222222223,2.2915893
0.2888888611111111,2.2914557
0.29027775,2.2913604
0.2916666388888889,2.2913222
0.29305552777777777,2.2911122
0.29444441666666665,2.2909594
0.29583330555555554,2.2907495
0.2972221944444445,2.2906733
0.29861108333333336,2.2906158
0.29999997222222224,2.2905395
0.30138886111111113,2.2903869
0.30277775,2.2901959
0.3041666388888889,2.2900052
0.3055555277777778,2.2898142
0.30694441666666666,2.289757
0.30833330555555555,2.2896807
0.30972219444444443,2.2896042
0.3111110833333333,2.2896616
0.31249997222222226,2.289566
0.31388886111111114,2.2893562
0.31527775,2.2893372
0.3166666388888889,2.2890699
0.3180555277777778,2.289108
0.3194444166666667,2.2890317
0.32083330555555556,2.2889171
0.32222219444444444,2.2889936
0.3236110833333333,2.2887645
0.3249999722222222,2.2888026
0.3263888611111111,2.28865
0.32777775000000003,2.2886117
0.3291666388888889,2.2885544
0.3305555277777778,2.2884972
0.3319444166666667,2.2884781
0.33333330555555557,2.2883065
0.33472219444444445,2.288249
0.33611108333333334,2.2881346
0.3374999722222222,2.2881536
0.3388888611111111,2.2880774
0.34027775,2.2881155
0.3416666388888889,2.2880583
0.34305552777777776,2.2878673
0.3444444166666667,2.2878864
0.3458333055555556,2.2878482
0.34722219444444447,2.2877338
0.34861108333333335,2.2876766
0.34999997222222223,2.2876384
0.3513888611111111,2.2876384
0.35277775,2.2874475
0.3541666388888889,2.2875047
0.35555552777777777,2.2873139
0.35694441666666665,2.2874856
0.35833330555555554,2.2874093
0.3597221944444445,2.2872756
0.36111108333333336,2.2872374
0.36249997222222224,2.2872183
0.36388886111111113,2.2871802
0.36527775,2.287142
0.3666666388888889,2.287123
0.3680555277777778,2.2870085
0.36944441666666666,2.2868557
0.37083330555555555,2.2869895
0.37222219444444443,2.2870085
0.3736110833333333,2.2870085
0.37499997222222226,2.2868938
0.37638886111111114,2.2868366
0.37777775,2.2869129
0.3791666388888889,2.2867413
0.3805555277777778,2.2868176
0.3819444166666667,2.2867794
0.38333330555555556,2.286665
0.38472219444444444,2.2865884
0.3861110833333333,2.2866459
0.3874999722222222,2.2865121
0.3888888611111111,2.2865312
0.39027775000000003,2.286474
0.3916666388888889,2.2864168
0.3930555277777778,2.2863214
0.3944444166666667,2.2862258
0.39583330555555557,2.2861495
0.39722219444444445,2.2861304
0.39861108333333334,2.2860541
0.3999999722222222,2.2859588
0.4013888611111111,2.2859013
0.40277775,2.2858822
0.4041666388888889,2.2857487
0.40555552777777776,2.2857869
0.4069444166666667,2.2857296
0.4083333055555556,2.2856343
0.40972219444444447,2.2856724
0.41111108333333335,2.2855959
0.41249997222222223,2.2854815
0.4138888611111111,2.2856724
0.41527775,2.2856534
0.4166666388888889,2.2854433
0.41805552777777777,2.2853861
0.41944441666666665,2.285367
0.42083330555555554,2.2852142
0.4222221944444445,2.2852523
0.42361108333333336,2.2852142
0.42499997222222224,2.2851379
0.42638886111111113,2.2850807
0.42777775,2.2849278
0.4291666388888889,2.2848706
0.4305555277777778,2.2847943
0.43194441666666666,2.284718
0.43333330555555555,2.284699
0.43472219444444443,2.2846417
0.4361110833333333,2.2846608
0.43749997222222226,2.2844698
0.43888886111111114,2.2844508
0.44027775,2.2843935
0.4416666388888889,2.2843554
0.4430555277777778,2.2843363
0.4444444166666667,2.2843363
0.44583330555555556,2.2842598
0.44722219444444444,2.28405
0.4486110833333333,2.2842216
0.4499999722222222,2.2840881
0.4513888611111111,2.2841454
0.45277775000000003,2.2839353
0.4541666388888889,2.2840118
0.4555555277777778,2.2838209
0.4569444166666667,2.2838018
0.45833330555555557,2.2839546
0.45972219444444445,2.2837827
0.46111108333333334,2.2837064
0.4624999722222222,2.2837064
0.4638888611111111,2.2835536
0.46527775,2.2835917
0.4666666388888889,2.2833819
0.46805552777777776,2.2835155
0.4694444166666667,2.2833438
0.4708333055555556,2.2832675
0.47222219444444447,2.2832675
0.47361108333333335,2.283191
0.47499997222222223,2.2831528
0.4763888611111111,2.2830384
0.47777775,2.2830193
0.4791666388888889,2.2828474
0.48055552777777777,2.2827902
0.48194441666666665,2.2826567
0.48333330555555554,2.2825801
0.4847221944444445,2.2824085
0.48611108333333336,2.2823513
0.48749997222222224,2.282294
0.48888886111111113,2.282084
0.49027775,2.282084
0.4916666388888889,2.2818739
0.4930555277777778,2.2819314
0.49444441666666666,2.2816641
0.49583330555555555,2.2817214
0.49722219444444443,2.2816069
0.4986110833333333,2.281626
0.49999997222222226,2.2813969
0.5013888611111111,2.2814732
0.50277775,2.2813969
0.5041666388888889,2.281244
0.5055555277777778,2.2810915
0.5069444166666667,2.2811105
0.5083333055555556,2.2810724
0.5097221944444444,2.2809389
0.5111110833333333,2.280977
0.5124999722222222,2.2809579
0.5138888611111111,2.2808433
0.51527775,2.2808433
0.5166666388888889,2.2806716
0.5180555277777777,2.2806716
0.5194444166666666,2.280767
0.5208333055555555,2.280576
0.5222221944444444,2.2805378
0.5236110833333334,2.2805188
0.5249999722222223,2.2804425
0.5263888611111112,2.2804234
0.52777775,2.2802515
0.5291666388888889,2.2803853
0.5305555277777778,2.2802324
0.5319444166666667,2.2801561
0.5333333055555556,2.2800989
0.5347221944444445,2.2800035
0.5361110833333333,2.2799273
0.5374999722222222,2.2798889
0.5388888611111111,2.2796981
0.54027775,2.2796028
0.5416666388888889,2.2796028
0.5430555277777778,2.2795644
0.5444444166666667,2.2795072
0.5458333055555555,2.2792974
0.5472221944444444,2.2793164
0.5486110833333333,2.2791445
0.5499999722222222,2.2793164
0.5513888611111111,2.2791255
0.55277775,2.2789347
0.5541666388888888,2.2789156
0.5555555277777778,2.2789156
0.5569444166666667,2.2788391
0.5583333055555556,2.2788391
0.5597221944444445,2.2787628
0.5611110833333334,2.2784574
0.5624999722222223,2.2786102
0.5638888611111111,2.278362
0.56527775,2.2784002
0.5666666388888889,2.2782283
0.5680555277777778,2.2782857
0.5694444166666666,2.2780757
0.5708333055555554,2.2781711
0.5722221944444444,2.2780948
0.5736110833333333,2.2779613
0.5749999722222222,2.2779803
0.5763888611111111,2.2778466
0.57777775,2.2777703
0.5791666388888889,2.2777131
0.5805555277777777,2.2775221
0.5819444166666666,2.277503
0.5833333055555555,2.2774076
0.5847221944444444,2.2773504
0.5861110833333333,2.2773123
0.5874999722222222,2.2772932
0.588888861111111,2.2771785
0.5902777499999999,2.2771213
0.5916666388888888,2.2771595
0.5930555277777777,2.2770069
0.5944444166666666,2.2769306
0.5958333055555555,2.2768731
0.5972221944444444,2.2767777
0.5986110833333332,2.2767777
0.5999999722222221,2.2766252
0.601388861111111,2.2764914
0.6027777499999999,2.2764342
0.6041666388888889,2.2763007
0.6055555277777778,2.2763007
0.6069444166666667,2.2763197
0.6083333055555555,2.2761669
0.6097221944444444,2.2760715
0.6111110833333333,2.2759762
0.6124999722222222,2.2758806
0.6138888611111111,2.2758999
0.61527775,2.2758615
0.6166666388888888,2.275728
0.6180555277777777,2.275728
0.6194444166666666,2.2754416
0.6208333055555555,2.2754035
0.6222221944444444,2.2753844
0.6236110833333333,2.2753463
0.6249999722222221,2.2753654
0.626388861111111,2.2751553
0.6277777499999999,2.2752509
0.6291666388888888,2.275079
0.6305555277777777,2.2750218
0.6319444166666666,2.2750409
0.6333333055555554,2.2749264
0.6347221944444444,2.2746973
0.6361110833333333,2.2747927
0.6374999722222222,2.2747545
0.6388888611111111,2.274621
0.64027775,2.2744873
0.6416666388888889,2.2745829
0.6430555277777777,2.2744873
0.6444444166666666,2.2743537
0.6458333055555555,2.2743156
0.6472221944444444,2.2743347
0.6486110833333333,2.27422
0.6499999722222222,2.2741246
0.651388861111111,2.2741628
0.6527777499999999,2.2737811
0.6541666388888888,2.2738764
0.6555555277777777,2.2736475
0.6569444166666666,2.2737429
0.6583333055555555,2.2737811
0.6597221944444444,2.2736285
0.6611110833333332,2.2734375
0.6624999722222221,2.2734184
0.663888861111111,2.2733994
0.6652777499999999,2.273304
0.6666666388888889,2.2732277
0.6680555277777778,2.2730939
0.6694444166666667,2.2730939
0.6708333055555555,2.2730367
0.6722221944444444,2.2729032
0.6736110833333333,2.2729986
0.6749999722222222,2.2729223
0.6763888611111111,2.2728457
0.67777775,2.2727885
0.6791666388888888,2.2727504
0.6805555277777777,2.2724831
0.6819444166666666,2.2724259
0.6833333055555555,2.2723877
0.6847221944444444,2.2723687
0.6861110833333333,2.2722161
0.6874999722222221,2.2723687
0.688888861111111,2.2720823
0.6902777499999999,2.2720251
0.6916666388888888,2.2719488
0.6930555277777777,2.2718723
0.6944444166666666,2.2716625
0.6958333055555554,2.2717006
0.6972221944444444,2.2716815
0.6986110833333333,2.2716625
0.6999999722222222,2.2715096
0.7013888611111111,2.2714334
0.70277775,2.2713761
0.7041666388888889,2.2713189
0.7055555277777777,2.2713189
0.7069444166666666,2.2712426
0.7083333055555555,2.2712426
0.7097221944444444,2.2711089
0.7111110833333333,2.2711661
0.7124999722222222,2.2710326
0.713888861111111,2.27088
0.7152777499999999,2.2708607
0.7166666388888888,2.2708991
0.7180555277777777,2.2708416
0.7194444166666666,2.2706318
0.7208333055555555,2.2705362
0.7222221944444444,2.2705555
0.7236110833333332,2.2704217
0.7249999722222221,2.2705171
0.726388861111111,2.270231
0.7277777499999999,2.2703073
0.7291666388888889,2.2701735
0.7305555277777778,2.2701354
0.7319444166666667,2.2700782
0.7333333055555555,2.2699447
0.7347221944444444,2.2699065
0.7361110833333333,2.2697155
0.7374999722222222,2.2696965
0.7388888611111111,2.2695246
0.74027775,2.2694864
0.7416666388888888,2.2694292
0.7430555277777777,2.2693148
0.7444444166666666,2.2692957
0.7458333055555555,2.2691429
0.7472221944444444,2.2690666
0.7486110833333333,2.2690284
0.7499999722222221,2.2688565
0.751388861111111,2.2688565
0.7527777499999999,2.2688375
0.7541666388888888,2.2687612
0.7555555277777777,2.268513
0.7569444166666666,2.2686467
0.7583333055555554,2.2684557
0.7597221944444444,2.2683413
0.7611110833333333,2.268265
0.7624999722222222,2.268074
0.7638888611111111,2.268074
0.76527775,2.2679977
0.7666666388888889,2.2679405
0.7680555277777777,2.2679405
0.7694444166666666,2.2678068
0.7708333055555555,2.2678258
0.7722221944444444,2.2677686
0.7736110833333333,2.2676923
0.7749999722222222,2.2676542
0.776388861111111,2.2675779
0.7777777499999999,2.2675014
0.7791666388888888,2.2675014
0.7805555277777777,2.2672725
0.7819444166666666,2.2672534
0.7833333055555555,2.2672725
0.7847221944444444,2.2671578
0.7861110833333332,2.2671006
0.7874999722222221,2.2670243
0.788888861111111,2.2670243
0.7902777499999999,2.2668908
0.7916666388888889,2.2668524
0.7930555277777778,2.2668717
0.7944444166666667,2.2666807
0.7958333055555555,2.2666616
0.7972221944444444,2.2665854
0.7986110833333333,2.2665472
0.7999999722222222,2.2663944
0.8013888611111111,2.2663944
0.80277775,2.2662609
0.8041666388888888,2.2661462
0.8055555277777777,2.2662609
0.8069444166666666,2.2660127
0.8083333055555555,2.2660317
0.8097221944444444,2.2659554
0.8111110833333333,2.2657835
0.8124999722222221,2.2657454
0.813888861111111,2.2657073
0.8152777499999999,2.2654972
0.8166666388888888,2.2654972
0.8180555277777777,2.2654972
0.8194444166666666,2.2653446
0.8208333055555554,2.2652111
0.8222221944444444,2.2651536
0.8236110833333333,2.2650583
0.8249999722222222,2.2649248
0.8263888611111111,2.2650201
0.82777775,2.2649629
0.8291666388888889,2.2648866
0.8305555277777777,2.2647529
0.8319444166666666,2.2646575
0.8333333055555555,2.2646003
0.8347221944444444,2.2645812
0.8361110833333333,2.2644093
0.8374999722222222,2.2643139
0.838888861111111,2.264333
0.8402777499999999,2.264142
0.8416666388888888,2.2639513
0.8430555277777777,2.2640848
0.8444444166666666,2.263875
0.8458333055555555,2.2639132
0.8472221944444444,2.2639132
0.8486110833333332,2.2637031
0.8499999722222221,2.2635696
0.851388861111111,2.2636459
0.8527777499999999,2.2634549
0.8541666388888889,2.2635124
0.8555555277777778,2.2633786
0.8569444166666667,2.263226
0.8583333055555555,2.2631686
0.8597221944444444,2.263207
0.8611110833333333,2.2631495
0.8624999722222222,2.2630923
0.8638888611111111,2.2630541
0.86527775,2.2629778
0.8666666388888888,2.2628825
0.8680555277777777,2.2629015
0.8694444166666666,2.2627869
0.8708333055555555,2.2627296
0.8722221944444444,2.2624624
0.8736110833333333,2.2624433
0.8749999722222221,2.2624242
0.876388861111111,2.2623289
0.8777777499999999,2.2623098
0.8791666388888888,2.262157
0.8805555277777777,2.2619662
0.8819444166666666,2.2621188
0.8833333055555554,2.2618709
0.8847221944444444,2.261718
0.8861110833333333,2.2618518
0.8874999722222222,2.2617753
0.8888888611111111,2.2616799
0.89027775,2.2615273
0.8916666388888889,2.2615845
0.8930555277777777,2.2613935
0.8944444166666666,2.2613935
0.8958333055555555,2.2613745
0.8972221944444444,2.2613363
0.8986110833333333,2.2611647
0.8999999722222222,2.2613173
0.901388861111111,2.2610691
0.9027777499999999,2.26105
0.9041666388888888,2.2609165
0.9055555277777777,2.2608402
0.9069444166666666,2.2607636
0.9083333055555555,2.2607064
0.9097221944444444,2.2607064
0.9111110833333332,2.2606492
0.9124999722222221,2.2604201
0.913888861111111,2.2603629
0.9152777499999999,2.260401
0.9166666388888889,2.2603438
0.9180555277777778,2.2602675
0.9194444166666667,2.2601912
0.9208333055555555,2.2600956
0.9222221944444444,2.2600384
0.9236110833333333,2.2598093
0.9249999722222222,2.2598476
0.9263888611111111,2.2598286
0.92777775,2.2597139
0.9291666388888888,2.2596376
0.9305555277777777,2.2597139
0.9319444166666666,2.2596567
0.9333333055555555,2.2595994
0.9347221944444444,2.2594466
0.9361110833333333,2.2592368
0.9374999722222221,2.2594275
0.938888861111111,2.2592177
0.9402777499999999,2.2591796
0.9416666388888888,2.259275
0.9430555277777777,2.2591796
0.9444444166666666,2.259084
0.9458333055555554,2.2589505
0.9472221944444444,2.2588742
0.9486110833333333,2.2587595
0.9499999722222222,2.2587023
0.9513888611111111,2.2585878
0.95277775,2.2584541
0.9541666388888889,2.2585115
0.9555555277777777,2.2586641
0.9569444166666666,2.2584159
0.9583333055555555,2.2583396
0.9597221944444444,2.2583969
0.9611110833333333,2.2582633
0.9624999722222222,2.2581871
0.963888861111111,2.258168
0.9652777499999999,2.2580914
0.9666666388888888,2.2579579
0.9680555277777777,2.2577479
0.9694444166666666,2.2579389
0.9708333055555555,2.2577288
0.9722221944444444,2.2576716
0.9736110833333332,2.2575762
0.9749999722222221,2.2574999
0.976388861111111,2.257328
0.9777777499999999,2.257309
0.9791666388888889,2.2572517
0.9805555277777778,2.2572327
0.9819444166666667,2.2571754
0.9833333055555555,2.257118
0.9847221944444444,2.2570417
0.9861110833333333,2.2569082
0.9874999722222222,2.2568128
0.9888888611111111,2.2567363
0.99027775,2.2566981
0.9916666388888888,2.2566981
0.9930555277777777,2.256469
0.9944444166666666,2.2564309
0.9958333055555555,2.2562592
0.9972221944444444,2.2563164
0.9986110833333333,2.2561638
0.9999999722222221,2.2561829
1.001388861111111,2.256011
1.00277775,2.2559538
1.0041666388888888,2.2558584
1.0055555277777777,2.2558966
1.0069444166666666,2.2556865
1.0083333055555554,2.2555339
1.0097221944444443,2.2556484
1.0111110833333332,2.2553811
1.012499972222222,2.2553811
1.013888861111111,2.2552857
1.0152777499999999,2.2552476
1.0166666388888888,2.2551329
1.0180555277777776,2.2550757
1.0194444166666665,2.2549994
1.0208333055555554,2.254885
1.0222221944444443,2.2548659
1.0236110833333332,2.2546558
1.024999972222222,2.2545986
1.0263888611111112,2.2545414
1.02777775,2.2544651
1.029166638888889,2.2542932
1.0305555277777778,2.2543886
1.0319444166666667,2.2541597
1.0333333055555556,2.2542169
1.0347221944444445,2.2540259
1.0361110833333333,2.2538543
1.0374999722222222,2.2537777
1.0388888611111111,2.2536824
1.04027775,2.2536252
1.0416666388888889,2.2534726
1.0430555277777778,2.253587
1.0444444166666667,2.253396
1.0458333055555555,2.2531862
1.0472221944444444,2.2531481
1.0486110833333333,2.2532053
1.0499999722222222,2.252938
1.051388861111111,2.2530143
1.05277775,2.2528808
1.0541666388888888,2.2527471
1.0555555277777777,2.2525945
1.0569444166666666,2.2526326
1.0583333055555555,2.2525563
1.0597221944444444,2.2525182
1.0611110833333333,2.2523463
1.0624999722222221,2.2523081
1.063888861111111,2.2522318
1.06527775,2.2521555
1.0666666388888888,2.252079
1.0680555277777777,2.2520409
1.0694444166666666,2.252079
1.0708333055555554,2.2519264
1.0722221944444443,2.2517736
1.0736110833333332,2.2517354
1.074999972222222,2.2515256
1.076388861111111,2.2516019
1.0777777499999999,2.2515256
1.0791666388888888,2.2514491
1.0805555277777776,2.25143
1.0819444166666665,2.2513347
1.0833333055555554,2.2513156
1.0847221944444443,2.2512012
1.0861110833333332,2.2511821
1.087499972222222,2.2509911
1.0888888611111112,2.2509339
1.09027775,2.2508767
1.091666638888889,2.2508194
1.0930555277777778,2.2508004
1.0944444166666667,2.2506475
1.0958333055555556,2.2505713
1.0972221944444445,2.2504759
1.0986110833333333,2.2505713
1.0999999722222222,2.2505331
1.1013888611111111,2.2504184
1.10277775,2.250304
1.1041666388888889,2.2501514
1.1055555277777778,2.2500749
1.1069444166666667,2.2499413
1.1083333055555555,2.249846
1.1097221944444444,2.2498841
1.1111110833333333,2.249846
1.1124999722222222,2.2496359
1.113888861111111,2.2497122
1.11527775,2.2496741
1.1166666388888888,2.2495596
1.1180555277777777,2.2494833
1.1194444166666666,2.2493496
1.1208333055555555,2.2493305
1.1222221944444444,2.2491589
1.1236110833333333,2.2491398
1.1249999722222221,2.2490442
1.126388861111111,2.2490633
1.12777775,2.2489297
1.1291666388888888,2.249006
1.1305555277777777,2.2487578
1.1319444166666666,2.2489488
1.1333333055555554,2.2487772
1.1347221944444443,2.2486434
1.1361110833333332,2.248529
1.137499972222222,2.2485671
1.138888861111111,2.2484334
1.1402777499999999,2.2483761
1.1416666388888888,2.2483571
1.1430555277777776,2.2482426
1.1444444166666665,2.2482426
1.1458333055555554,2.2480707
1.1472221944444443,2.2480135
1.1486110833333332,2.2477081
1.149999972222222,2.2478228
1.1513888611111112,2.2477846
1.15277775,2.2476699
1.154166638888889,2.2476509
1.1555555277777778,2.2474411
1.1569444166666667,2.2474411
1.1583333055555556,2.2473645
1.1597221944444445,2.2472692
1.1611110833333333,2.2471738
1.1624999722222222,2.2471547
1.1638888611111111,2.2471166
1.16527775,2.2469637
1.1666666388888889,2.2468112
1.1680555277777778,2.246773
1.1694444166666667,2.246773
1.1708333055555555,2.2467346
1.1722221944444444,2.2465248
1.1736110833333333,2.2464867
1.1749999722222222,2.2464101
1.176388861111111,2.2464485
1.17777775,2.2463148
1.1791666388888888,2.2462194
1.1805555277777777,2.2462385
1.1819444166666666,2.2459331
1.1833333055555555,2.2460475
1.1847221944444444,2.2459331
1.1861110833333333,2.2460093
1.1874999722222221,2.2456658
1.188888861111111,2.2456276
1.19027775,2.2456658
1.1916666388888888,2.2455513
1.1930555277777777,2.2454941
1.1944444166666666,2.2453794
1.1958333055555554,2.2452841
1.1972221944444443,2.2453222
1.1986110833333332,2.2451124
1.199999972222222,2.2451124
1.201388861111111,2.2451124
1.2027777499999999,2.2449405
1.2041666388888888,2.2449405
1.2055555277777776,2.2448452
1.2069444166666665,2.2447305
1.2083333055555554,2.2446351
1.2097221944444443,2.2445397
1.2111110833333332,2.2444825
1.212499972222222,2.2443297
1.2138888611111112,2.2444634
1.21527775,2.2442153
1.216666638888889,2.2441962
1.2180555277777778,2.2441199
1.2194444166666667,2.2440434
1.2208333055555556,2.2439289
1.2222221944444445,2.2438145
1.2236110833333333,2.2436616
1.2249999722222222,2.2436426
1.2263888611111111,2.2435281
1.22777775,2.2435281
1.2291666388888889,2.24349
1.2305555277777778,2.243299
1.2319444166666667,2.2432799
1.2333333055555555,2.2430892
1.2347221944444444,2.2431464
1.2361110833333333,2.2431083
1.2374999722222222,2.2429554
1.238888861111111,2.2427838
1.24027775,2.2428219
1.2416666388888888,2.2428982
1.2430555277777777,2.242631
1.2444444166666666,2.242631
1.2458333055555555,2.2425737
1.2472221944444444,2.2424593
1.2486110833333333,2.2423065
1.2499999722222221,2.2422111
1.251388861111111,2.2420776
1.25277775,2.2420201
1.2541666388888888,2.2420011
1.2555555277777777,2.2418485
1.2569444166666666,2.2418103
1.2583333055555554,2.2417338
1.2597221944444443,2.2415049
1.2611110833333332,2.241524
1.262499972222222,2.2414286
1.263888861111111,2.2413139
1.2652777499999999,2.2413712
1.2666666388888888,2.2411995
1.2680555277777776,2.2411232
1.2694444166666665,2.2410657
1.2708333055555554,2.2408559
1.2722221944444443,2.2407796
1.2736110833333332,2.2408178
1.274999972222222,2.240665
1.2763888611111112,2.2405887
1.27777775,2.2405124
1.279166638888889,2.2403977
1.2805555277777778,2.2403595
1.2819444166666667,2.2402642
1.2833333055555556,2.2401116
1.2847221944444445,2.2401116
1.2861110833333333,2.2399588
1.2874999722222222,2.2398443
1.2888888611111111,2.2397871
1.29027775,2.2396533
1.2916666388888889,2.2395198
1.2930555277777778,2.239558
1.2944444166666667,2.2392716
1.2958333055555555,2.2392716
1.2972221944444444,2.2392526
1.2986110833333333,2.2391
1.2999999722222222,2.2389662
1.301388861111111,2.2389853
1.30277775,2.2388136
1.3041666388888888,2.238718
1.3055555277777777,2.2386799
1.3069444166666666,2.2386036
1.3083333055555555,2.2384701
1.3097221944444444,2.238451
1.3111110833333333,2.2384129
1.3124999722222221,2.2382982
1.313888861111111,2.2382219
1.31527775,2.2382219
1.3166666388888888,2.2382028
1.3180555277777777,2.23805
1.3194444166666666,2.2378974
1.3208333055555554,2.2378592
1.3222221944444443,2.2376873
1.3236110833333332,2.2377448
1.324999972222222,2.2376873
1.326388861111111,2.2374585
1.3277777499999999,2.2374775
1.3291666388888888,2.2373438
1.3305555277777776,2.2372293
1.3319444166666665,2.2372675
1.3333333055555554,2.2370958
1.3347221944444443,2.2369621
1.3361110833333332,2.2367904
1.337499972222222,2.2367904
1.3388888611111112,2.2366376
1.34027775,2.2365613
1.341666638888889,2.2365613
1.3430555277777778,2.2363896
1.3444444166666667,2.2363131
1.3458333055555556,2.2363703
1.3472221944444445,2.236294
1.3486110833333333,2.2361414
1.3499999722222222,2.2360268
1.3513888611111111,2.2358742
1.35277775,2.235836
1.3541666388888889,2.2357979
1.3555555277777778,2.2357979
1.3569444166666667,2.2356069
1.3583333055555555,2.2355497
1.3597221944444444,2.2354352
1.3611110833333333,2.2353015
1.3624999722222222,2.2352252
1.363888861111111,2.2350535
1.36527775,2.2350535
1.3666666388888888,2.2348435
1.3680555277777777,2.2347863
1.3694444166666666,2.2347481
1.3708333055555555,2.2346144
1.3722221944444444,2.2344618
1.3736110833333333,2.2344046
1.3749999722222221,2.2342708
1.376388861111111,2.2343662
1.37777775,2.2341754
1.3791666388888888,2.2340991
1.3805555277777777,2.234061
1.3819444166666666,2.2339463
1.3833333055555554,2.2339272
1.3847221944444443,2.2338891
1.3861110833333332,2.2337174
1.387499972222222,2.2335837
1.388888861111111,2.2335455
1.3902777499999999,2.233412
1.3916666388888888,2.2333739
1.3930555277777776,2.2333355
1.3944444166666665,2.2332211
1.3958333055555554,2.233202
1.3972221944444443,2.2330685
1.3986110833333332,2.2328584
1.399999972222222,2.2327631
1.4013888611111112,2.2326865
1.40277775,2.2325721
1.404166638888889,2.2324386
1.4055555277777778,2.2323239
1.4069444166666667,2.2322667
1.4083333055555556,2.232095
1.4097221944444445,2.2319803
1.4111110833333333,2.2318087
1.4124999722222222,2.2317514
1.4138888611111111,2.2315605
1.41527775,2.2315223
1.4166666388888889,2.2314842
1.4180555277777778,2.2313123
1.4194444166666667,2.2312169
1.4208333055555555,2.2310643
1.4222221944444444,2.2309878
1.4236110833333333,2.2309306
1.4249999722222222,2.230778
1.426388861111111,2.230778
1.42777775,2.2304916
1.4291666388888888,2.2306442
1.4305555277777777,2.2304916
1.4319444166666666,2.2304535
1.4333333055555555,2.2302625
1.4347221944444444,2.230129
1.4361110833333333,2.2300527
1.4374999722222221,2.229938
1.438888861111111,2.2298236
1.44027775,2.2296901
1.4416666388888888,2.22948
1.4430555277777777,2.2294037
1.4444444166666666,2.2291937
1.4458333055555554,2.2291746
1.4472221944444443,2.2289646
1.4486110833333332,2.2289646
1.449999972222222,2.2287357
1.451388861111111,2.2286785
1.4527777499999999,2.2285447
1.4541666388888888,2.2284303
1.4555555277777776,2.228354
1.4569444166666665,2.2282393
1.4583333055555554,2.2281439
1.4597221944444443,2.2280295
1.4611110833333332,2.227953
1.462499972222222,2.2278385
1.4638888611111112,2.2277241
1.46527775,2.2275903
1.466666638888889,2.227514
1.4680555277777778,2.2274377
1.4694444166666667,2.2273805
1.4708333055555556,2.2271323
1.4722221944444445,2.2270942
1.4736110833333333,2.2269413
1.4749999722222222,2.2267125
1.4763888611111111,2.226655
1.47777775,2.2264833
1.4791666388888889,2.2264833
1.4805555277777778,2.2262733
1.4819444166666667,2.226197
1.4833333055555555,2.2261779
1.4847221944444444,2.2260063
1.4861110833333333,2.2258725
1.4874999722222222,2.2257581
1.488888861111111,2.225739
1.49027775,2.2255671
1.4916666388888888,2.225529
1.4930555277777777,2.2253954
1.4944444166666666,2.2252998
1.4958333055555555,2.22509
1.4972221944444444,2.2249563
1.4986110833333333,2.2247465
1.4999999722222221,2.2246702
1.501388861111111,2.2244983
1.50277775,2.2243457
1.5041666388888888,2.2243266
1.5055555277777777,2.2243266
1.5069444166666666,2.2242882
1.5083333055555554,2.2241547
1.5097221944444443,2.2240784
1.5111110833333332,2.2239447
1.512499972222222,2.2238493
1.513888861111111,2.223773
1.5152777499999999,2.2235439
1.5166666388888888,2.2235248
1.5180555277777776,2.2233913
1.5194444166666665,2.2233531
1.5208333055555554,2.2232003
1.5222221944444443,2.2230668
1.5236110833333332,2.2230477
1.524999972222222,2.222914
1.5263888611111112,2.2227805
1.52777775,2.2226276
1.529166638888889,2.2225513
1.5305555277777778,2.2223606
1.5319444166666667,2.2222269
1.5333333055555556,2.2221696
1.5347221944444445,2.2221315
1.5361110833333333,2.2219789
1.5374999722222222,2.2218451
1.5388888611111111,2.2217689
1.54027775,2.2215397
1.5416666388888889,2.2215016
1.5430555277777778,2.2214062
1.5444444166666667,2.2211962
1.5458333055555555,2.2210245
1.5472221944444444,2.2207954
1.5486110833333333,2.2207954
1.5499999722222222,2.2207191
1.551388861111111,2.2205663
1.55277775,2.2204137
1.5541666388888888,2.2203374
1.5555555277777777,2.2201464
1.5569444166666666,2.2201655
1.5583333055555555,2.2200701
1.5597221944444444,2.2198219
1.5611110833333333,2.2197647
1.5624999722222221,2.2196693
1.563888861111111,2.2196119
1.56527775,2.2193639
1.5666666388888888,2.2192302
1.5680555277777777,2.219192
1.5694444166666666,2.2190585
1.5708333055555554,2.2187912
1.5722221944444443,2.2188485
1.5736110833333332,2.2186959
1.574999972222222,2.2184286
1.576388861111111,2.218524
1.5777777499999999,2.2183905
1.5791666388888888,2.2182567
1.5805555277777776,2.2181613
1.5819444166666665,2.2181041
1.5833333055555554,2.217875
1.5847221944444443,2.2176843
1.5861110833333332,2.2176843
1.587499972222222,2.2177033
1.5888888611111112,2.2173979
1.59027775,2.2172642
1.591666638888889,2.2171497
1.5930555277777778,2.2170162
1.5944444166666667,2.2169206
1.5958333055555556,2.216749
1.5972221944444445,2.2166345
1.5986110833333333,2.2164817
1.5999999722222222,2.2164435
1.6013888611111111,2.2161763
1.60277775,2.2161381
1.6041666388888889,2.2158709
1.6055555277777778,2.2160046
1.6069444166666667,2.2157755
1.6083333055555555,2.2154701
1.6097221944444444,2.2155273
1.6111110833333333,2.2154129
1.6124999722222222,2.2152028
1.613888861111111,2.2150884
1.61527775,2.2149739
1.6166666388888888,2.2147257
1.6180555277777777,2.2147639
1.6194444166666666,2.2144585
1.6208333055555555,2.2145348
1.6222221944444444,2.214344
1.6236110833333333,2.2140768
1.6249999722222221,2.2140958
1.626388861111111,2.2138667
1.62777775,2.2136569
1.6291666388888888,2.2133896
1.6305555277777777,2.2134278
1.6319444166666666,2.2131796
1.6333333055555554,2.2130842
1.6347221944444443,2.2130842
1.6361110833333332,2.2128742
1.637499972222222,2.2126644
1.638888861111111,2.2127025
1.6402777499999999,2.2124543
1.6416666388888888,2.2123017
1.6430555277777776,2.212168
1.6444444166666665,2.2120154
1.6458333055555554,2.2118244
1.6472221944444443,2.2116528
1.6486110833333332,2.211519
1.649999972222222,2.2113092
1.6513888611111112,2.2112517
1.65277775,2.2111564
1.654166638888889,2.2109656
1.6555555277777778,2.2106793
1.6569444166666667,2.210603
1.6583333055555556,2.2105265
1.6597221944444445,2.210393
1.6611110833333333,2.2102785
1.6624999722222222,2.2100685
1.6638888611111111,2.209954
1.66527775,2.2099156
1.6666666388888889,2.2096295
1.6680555277777778,2.2097058
1.6694444166666667,2.2093432
1.6708333055555555,2.2091141
1.6722221944444444,2.2090187
1.6736110833333333,2.208885
1.6749999722222222,2.2087705
1.676388861111111,2.2084842
1.67777775,2.2083888
1.6791666388888888,2.2081597
1.6805555277777777,2.2081025
1.6819444166666666,2.2079115
1.6833333055555555,2.2077398
1.6847221944444444,2.2074726
1.6861110833333333,2.2073772
1.6874999722222221,2.2072818
1.688888861111111,2.2070718
1.69027775,2.2069573
1.6916666388888888,2.2066138
1.6930555277777777,2.2065756
1.6944444166666666,2.2064037
1.6958333055555554,2.2062318
1.6972221944444443,2.2060602
1.6986110833333332,2.2058311
1.699999972222222,2.2056022
1.701388861111111,2.2054303
1.7027777499999999,2.2053921
1.7041666388888888,2.2049913
1.7055555277777776,2.2049341
1.7069444166666665,2.2046859
1.7083333055555554,2.2046669
1.7097221944444443,2.2042851
1.7111110833333332,2.2041132
1.712499972222222,2.2039607
1.7138888611111112,2.2037506
1.71527775,2.2036362
1.716666638888889,2.2034261
1.7180555277777778,2.2033117
1.7194444166666667,2.2030826
1.7208333055555556,2.2030635
1.7222221944444445,2.2027199
1.7236110833333333,2.2025673
1.7249999722222222,2.2023191
1.7263888611111111,2.2023001
1.72777775,2.2019947
1.7291666388888889,2.2018609
1.7305555277777778,2.2016511
1.7319444166666667,2.2014983
1.7333333055555555,2.2012694
1.7347221944444444,2.2011166
1.7361110833333333,2.200964
1.7374999722222222,2.2006586
1.738888861111111,2.2004485
1.74027775,2.2003531
1.7416666388888888,2.200124
1.7430555277777777,2.1998186
1.7444444166666666,2.1997805
1.7458333055555555,2.1997042
1.7472221944444444,2.199456
1.7486110833333333,2.1993415
1.7499999722222221,2.1990743
1.751388861111111,2.1987498
1.75277775,2.1987307
1.7541666388888888,2.1984634
1.7555555277777777,2.1982155
1.7569444166666666,2.1980054
1.7583333055555554,2.1979291
1.7597221944444443,2.1975474
1.7611110833333332,2.1973755
1.762499972222222,2.1971655
1.763888861111111,2.1971655
1.7652777499999999,2.1970129
1.7666666388888888,2.1966503
1.7680555277777776,2.1964211
1.7694444166666665,2.1962876
1.7708333055555554,2.1960204
1.7722221944444443,2.1956577
1.7736110833333332,2.1954477
1.774999972222222,2.1951613
1.7763888611111112,2.195066
1.77777775,2.1948369
1.779166638888889,2.1946652
1.7805555277777778,2.1943979
1.7819444166666667,2.1940544
1.7833333055555556,2.1938443
1.7847221944444445,2.1938062
1.7861110833333333,2.1934245
1.7874999722222222,2.1932719
1.7888888611111111,2.193119
1.79027775,2.192852
1.7916666388888889,2.1925657
1.7930555277777778,2.1925275
1.7944444166666667,2.1922412
1.7958333055555555,2.1918976
1.7972221944444444,2.1916876
1.7986110833333333,2.1914394
1.7999999722222222,2.1913059
1.801388861111111,2.1910195
1.80277775,2.190886
1.8041666388888888,2.1906188
1.8055555277777777,2.1902752
1.8069444166666666,2.1901033
1.8083333055555555,2.1898553
1.8097221944444444,2.1896453
1.8111110833333333,2.1893399
1.8124999722222221,2.1890726
1.813888861111111,2.1889772
1.81527775,2.1886528
1.8166666388888888,2.1884809
1.8180555277777777,2.1881566
1.8194444166666666,2.1877747
1.8208333055555554,2.1876602
1.8222221944444443,2.1874886
1.8236110833333332,2.1872404
1.824999972222222,2.1868777
1.826388861111111,2.1866105
1.8277777499999999,2.186496
1.8291666388888888,2.186095
1.8305555277777776,2.185828
1.8319444166666665,2.1855226
1.8333333055555554,2.185179
1.8347221944444443,2.1851215
1.8361110833333332,2.1847017
1.837499972222222,2.1844344
1.8388888611111112,2.184129
1.84027775,2.183881
1.841666638888889,2.1836519
1.8430555277777778,2.1834228
1.8444444166666667,2.1831367
1.8458333055555556,2.1829267
1.8472221944444445,2.1824687
1.8486110833333333,2.1821823
1.8499999722222222,2.181915
1.8513888611111111,2.1815715
1.85277775,2.1812661
1.8541666388888889,2.1811516
1.8555555277777778,2.1806934
1.8569444166666667,2.1806934
1.8583333055555555,2.1802354
1.8597221944444444,2.1800253
1.8611110833333333,2.1796246
1.8624999722222222,2.1793573
1.863888861111111,2.17909
1.86527775,2.1787274
1.8666666388888888,2.1784413
1.8680555277777777,2.1782122
1.8694444166666666,2.177964
1.8708333055555555,2.1776776
1.8722221944444444,2.1774294
1.8736110833333333,2.1771433
1.8749999722222221,2.1768379
1.876388861111111,2.1764371
1.87777775,2.1762462
1.8791666388888888,2.1758454
1.8805555277777777,2.1755018
1.8819444166666666,2.1752155
1.8833333055555554,2.174891
1.8847221944444443,2.1746047
1.8861110833333332,2.1742039
1.887499972222222,2.173784
1.888888861111111,2.173574
1.8902777499999999,2.1732686
1.8916666388888888,2.1728487
1.8930555277777776,2.1726577
1.8944444166666665,2.1724095
1.8958333055555554,2.1720853
1.8972221944444443,2.1717608
1.8986110833333332,2.1715508
1.899999972222222,2.1712072
1.9013888611111112,2.1708064
1.90277775,2.1705582
1.904166638888889,2.1702719
1.9055555277777778,2.1698329
1.9069444166666667,2.169642
1.9083333055555556,2.1693175
1.9097221944444445,2.1690502
1.9111110833333333,2.1685159
1.9124999722222222,2.1682677
1.9138888611111111,2.1679623
1.91527775,2.1675997
1.9166666388888889,2.1673899
1.9180555277777778,2.1668553
1.9194444166666667,2.1667218
1.9208333055555555,2.1663589
1.9222221944444444,2.1660728
1.9236110833333333,2.1658247
1.9249999722222222,2.1653473
1.926388861111111,2.1649656
1.92777775,2.1646793
1.9291666388888888,2.1644504
1.9305555277777777,2.1639922
1.9319444166666666,2.1637251
1.9333333055555555,2.163496
1.9347221944444444,2.163038
1.9361110833333333,2.1627135
1.9374999722222221,2.1623125
1.938888861111111,2.1620455
1.94027775,2.1616635
1.9416666388888888,2.1614347
1.9430555277777777,2.1610339
1.9444444166666666,2.1606903
1.9458333055555554,2.1603274
1.9472221944444443,2.1599648
1.9486110833333332,2.159564
1.949999972222222,2.1593542
1.951388861111111,2.1589723
1.9527777499999999,2.1586096
1.9541666388888888,2.158247
1.9555555277777776,2.1579797
1.9569444166666665,2.1575599
1.9583333055555554,2.1572545
1.9597221944444443,2.1568918
1.9611110833333332,2.1566627
1.962499972222222,2.1562428
1.9638888611111112,2.1558039
1.96527775,2.1554413
1.966666638888889,2.1550977
1.9680555277777778,2.1548305
1.9694444166666667,2.1543534
1.9708333055555556,2.1538951
1.9722221944444445,2.1535325
1.9736110833333333,2.1531508
1.9749999722222222,2.1527119
1.9763888611111111,2.1523683
1.97777775,2.1519482
1.9791666388888889,2.1516237
1.9805555277777778,2.1512611
1.9819444166666667,2.1508794
1.9833333055555555,2.1504023
1.9847221944444444,2.1500206
1.9861110833333333,2.1497533
1.9874999722222222,2.1493526
1.988888861111111,2.149009
1.99027775,2.1487036
1.9916666388888888,2.1483791
1.9930555277777777,2.147959
1.9944444166666666,2.1476154
1.9958333055555555,2.1473103
1.9972221944444444,2.1469092
1.9986110833333333,2.1465847
1.9999999722222221,2.1462221
2.0013888611111113,2.1457832
2.00277775,2.1454587
2.004166638888889,2.1450961
2.0055555277777777,2.1446953
2.006944416666667,2.1443326
2.0083333055555554,2.1439126
2.0097221944444446,2.1434927
2.011111083333333,2.1431491
2.0124999722222223,2.1427293
2.013888861111111,2.1424048
2.01527775,2.1420994
2.0166666388888888,2.1416032
2.018055527777778,2.1413932
2.0194444166666665,2.1409733
2.0208333055555556,2.1406488
2.0222221944444443,2.1402097
2.0236110833333334,2.1398852
2.024999972222222,2.1394272
2.026388861111111,2.1390455
2.02777775,2.1388164
2.029166638888889,2.1384156
2.0305555277777776,2.1379385
2.0319444166666667,2.137614
2.0333333055555554,2.1372514
2.0347221944444445,2.1368122
2.036111083333333,2.1364877
2.0374999722222222,2.1360679
2.038888861111111,2.1357052
2.04027775,2.1352663
2.0416666388888887,2.1350372
2.0430555277777778,2.1345408
2.0444444166666664,2.1341972
2.0458333055555555,2.1339302
2.047222194444444,2.1335292
2.0486110833333333,2.133014
2.049999972222222,2.1329758
2.051388861111111,2.1324031
2.0527777499999997,2.1321549
2.054166638888889,2.1316969
2.0555555277777775,2.1312771
2.0569444166666666,2.1309335
2.0583333055555557,2.1305709
2.0597221944444444,2.130208
2.0611110833333335,2.1297691
2.062499972222222,2.1294255
2.0638888611111113,2.129101
2.06527775,2.1286812
2.066666638888889,2.1282995
2.0680555277777777,2.1279941
2.069444416666667,2.1274977
2.0708333055555554,2.1272116
2.0722221944444446,2.1268296
2.073611083333333,2.1264288
2.0749999722222223,2.1261806
2.076388861111111,2.1257226
2.07777775,2.1252265
2.0791666388888888,2.1248446
2.080555527777778,2.1246157
2.0819444166666665,2.1241958
2.0833333055555556,2.1238139
2.0847221944444443,2.1234512
2.0861110833333334,2.1231077
2.087499972222222,2.122745
2.088888861111111,2.1221724
2.09027775,2.1221151
2.091666638888889,2.1215043
2.0930555277777776,2.1212945
2.0944444166666667,2.1208556
2.0958333055555554,2.1204164
2.0972221944444445,2.1201684
2.098611083333333,2.119653
2.0999999722222222,2.1192904
2.101388861111111,2.1189659
2.10277775,2.118546
2.1041666388888887,2.1180115
2.1055555277777778,2.1177442
2.1069444166666664,2.1171908
2.1083333055555555,2.1167898
2.109722194444444,2.1164463
2.1111110833333333,2.1160645
2.112499972222222,2.1158357
2.113888861111111,2.1154346
2.1152777499999997,2.1150339
2.116666638888889,2.114614
2.1180555277777775,2.1143086
2.1194444166666666,2.1139269
2.1208333055555557,2.1134689
2.1222221944444444,2.1131444
2.1236110833333335,2.1127625
2.124999972222222,2.1123426
2.1263888611111113,2.1119037
2.12777775,2.1117699
2.129166638888889,2.1112547
2.1305555277777777,2.1107774
2.131944416666667,2.1104913
2.1333333055555554,2.1100903
2.1347221944444446,2.1094987
2.136111083333333,2.1093078
2.1374999722222223,2.1087925
2.138888861111111,2.1084681
2.14027775,2.1081436
2.1416666388888888,2.1077044
2.143055527777778,2.107399
2.1444444166666665,2.1069982
2.1458333055555556,2.1066165
2.1472221944444443,2.1062539
2.1486110833333334,2.1059484
2.149999972222222,2.1055858
2.151388861111111,2.1052041
2.15277775,2.1048415
2.154166638888889,2.1046505
2.1555555277777776,2.1042306
2.1569444166666667,2.1038489
2.1583333055555554,2.1034672
2.1597221944444445,2.1030855
2.161111083333333,2.1027992
2.1624999722222222,2.102551
2.163888861111111,2.1020546
2.16527775,2.101902
2.1666666388888887,2.1013293
2.1680555277777778,2.1011195
2.1694444166666664,2.1007569
2.1708333055555555,2.1002605
2.172222194444444,2.0998597
2.1736110833333333,2.0997453
2.174999972222222,2.0993443
2.176388861111111,2.0989435
2.1777777499999997,2.0984664
2.179166638888889,2.098161
2.1805555277777775,2.0977218
2.1819444166666666,2.0974929
2.1833333055555557,2.0971875
2.1847221944444444,2.0967295
2.1861110833333335,2.0965958
2.187499972222222,2.0960422
2.1888888611111113,2.0956986
2.19027775,2.0953741
2.191666638888889,2.0951834
2.1930555277777777,2.0948398
2.194444416666667,2.0944581
2.1958333055555554,2.0940764
2.1972221944444446,2.093771
2.198611083333333,2.0934656
2.1999999722222223,2.0929501
2.201388861111111,2.0927212
2.20277775,2.0923967
2.2041666388888888,2.0919576
2.205555527777778,2.0916712
2.2069444166666665,2.0913086
2.2083333055555556,2.091156
2.2097221944444443,2.090698
2.2111110833333334,2.0904689
2.212499972222222,2.0900872
2.213888861111111,2.0897245
2.21527775,2.0894191
2.216666638888889,2.0892282
2.2180555277777776,2.0889227
2.2194444166666667,2.0884838
2.2208333055555554,2.0881021
2.2222221944444445,2.0878348
2.223611083333333,2.0875294
2.2249999722222222,2.0872812
2.226388861111111,2.0870142
2.22777775,2.0867851
2.2291666388888887,2.0864224
2.2305555277777778,2.086117
2.2319444166666664,2.0859451
2.2333333055555555,2.0856397
2.234722194444444,2.0853343
2.2361110833333333,2.0850291
2.237499972222222,2.0848191
2.238888861111111,2.0844564
2.2402777499999997,2.0841129
2.241666638888889,2.0837121
2.2430555277777775,2.0834067
2.2444444166666666,2.0832539
2.2458333055555557,2.0828531
2.2472221944444444,2.0826814
2.2486110833333335,2.082185
2.249999972222222,2.0819559
2.2513888611111113,2.0817461
2.25277775,2.0813453
2.254166638888889,2.0810018
2.2555555277777777,2.0807345
2.256944416666667,2.0805817
2.2583333055555554,2.0802763
2.2597221944444446,2.0799518
2.261111083333333,2.0797038
2.2624999722222223,2.0794938
2.263888861111111,2.0790739
2.26527775,2.0788257
2.2666666388888888,2.0785584
2.268055527777778,2.0782912
2.2694444166666665,2.0780051
2.2708333055555556,2.0778332
2.2722221944444443,2.0774324
2.2736110833333334,2.0771651
2.274999972222222,2.0768979
2.276388861111111,2.0765543
2.2777777500000003,2.0763063
2.279166638888889,2.0760963
2.280555527777778,2.0758862
2.2819444166666667,2.075619
2.283333305555556,2.075352
2.2847221944444445,2.0749128
2.2861110833333336,2.0746839
2.2874999722222222,2.0743403
2.2888888611111113,2.0740159
2.29027775,2.0738821
2.291666638888889,2.0735004
2.2930555277777778,2.0731759
2.294444416666667,2.072947
2.2958333055555555,2.0726988
2.2972221944444446,2.072546
2.2986110833333337,2.0721834
2.2999999722222224,2.0719161
2.3013888611111115,2.0715344
2.30277775,2.0713818
2.3041666388888893,2.0710573
2.305555527777778,2.0708091
2.306944416666667,2.0704274
2.3083333055555557,2.0702174
2.309722194444445,2.0698929
2.3111110833333335,2.0697784
2.3124999722222226,2.0693777
2.3138888611111113,2.0692248
2.3152777500000004,2.0688813
2.316666638888889,2.0687287
2.318055527777778,2.0684423
2.319444416666667,2.0682323
2.320833305555556,2.0679271
2.3222221944444446,2.0676217
2.3236110833333337,2.0673544
2.3249999722222223,2.0670872
2.3263888611111114,2.0668581
2.32777775,2.0666292
2.329166638888889,2.0663619
2.330555527777778,2.0660946
2.331944416666667,2.0658083
2.3333333055555556,2.0657701
2.3347221944444447,2.0654457
2.3361110833333334,2.0652549
2.3374999722222225,2.0649877
2.338888861111111,2.0646632
2.3402777500000003,2.0644531
2.341666638888889,2.0641477
2.343055527777778,2.0641096
2.3444444166666667,2.0636706
2.345833305555556,2.0635369
2.3472221944444445,2.0633271
2.3486110833333336,2.0630598
2.3499999722222222,2.0628498
2.3513888611111113,2.0626209
2.35277775,2.0623918
2.354166638888889,2.0622008
2.3555555277777778,2.0619719
2.356944416666667,2.0615902
2.3583333055555555,2.0612848
2.3597221944444446,2.0611129
2.3611110833333337,2.0608647
2.3624999722222224,2.0606358
2.3638888611111115,2.0604067
2.36527775,2.0600822
2.3666666388888893,2.0598722
2.368055527777778,2.0596051
2.369444416666667,2.0594714
2.3708333055555557,2.0592616
2.372222194444445,2.0589371
2.3736110833333335,2.0588033
2.3749999722222226,2.0584216
2.3763888611111113,2.0582118
2.3777777500000004,2.0581162
2.379166638888889,2.0578299
2.380555527777778,2.0574672
2.381944416666667,2.0572765
2.383333305555556,2.0570664
2.3847221944444446,2.0568948
2.3861110833333337,2.0565703
2.3874999722222223,2.0564175
2.3888888611111114,2.0559976
2.39027775,2.0559213
2.391666638888889,2.0556922
2.393055527777778,2.0554059
2.394444416666667,2.0552914
2.3958333055555556,2.0550432
2.3972221944444447,2.0547569
2.3986110833333334,2.0545661
2.3999999722222225,2.0544324
2.401388861111111,2.0541461
2.4027777500000003,2.0538406
2.404166638888889,2.0536499
2.405555527777778,2.0534208
2.4069444166666667,2.0531154
2.408333305555556,2.0529819
2.4097221944444445,2.0527718
2.4111110833333336,2.0524664
2.4124999722222222,2.0521803
2.4138888611111113,2.0520275
2.41527775,2.0518174
2.416666638888889,2.0516458
2.4180555277777778,2.051264
2.419444416666667,2.0511112
2.4208333055555555,2.0509014
2.4222221944444446,2.0505388
2.4236110833333337,2.0503287
2.4249999722222224,2.0501761
2.4263888611111115,2.0500996
2.42777775,2.0497942
2.4291666388888893,2.0496035
2.430555527777778,2.0494125
2.431944416666667,2.0491643
2.4333333055555557,2.0490499
2.434722194444445,2.0486872
2.4361110833333335,2.0485919
2.4374999722222226,2.0482864
2.4388888611111113,2.0481527
2.4402777500000004,2.0478284
2.441666638888889,2.0477138
2.443055527777778,2.0474274
2.444444416666667,2.0471795
2.445833305555556,2.0470266
2.4472221944444446,2.046855
2.4486110833333337,2.0465496
2.4499999722222223,2.0463014
2.4513888611111114,2.0461295
2.4527777222222222,2.0460532
2.454166611111111,2.0458243
2.4555555,2.0456142
2.4569443888888887,2.0453851
2.4583332777777778,2.0452898
2.4597221666666664,2.0451369
2.4611110555555555,2.0448508
2.462499944444444,2.0448508
2.4638888333333333,2.0444117
2.465277722222222,2.0442591
2.466666611111111,2.04403
2.4680554999999997,2.0437818
2.469444388888889,2.0437627
2.4708332777777775,2.0435529
2.4722221666666666,2.0431902
2.4736110555555553,2.0430374
2.4749999444444444,2.0429611
2.476388833333333,2.0426557
2.477777722222222,2.0425031
2.479166611111111,2.0422931
2.4805555,2.0419877
2.4819443888888886,2.0418541
2.4833332777777777,2.041625
2.4847221666666663,2.0415869
2.4861110555555554,2.0412242
2.487499944444444,2.0411289
2.488888833333333,2.040766
2.4902777222222223,2.0406134
2.491666611111111,2.0403652
2.4930555,2.0402508
2.4944443888888888,2.0399263
2.495833277777778,2.0397928
2.4972221666666665,2.0394299
2.4986110555555556,2.0393345
2.4999999444444443,2.03901
2.5013888333333334,2.0388956
2.502777722222222,2.0386856
2.504166611111111,2.0384948
2.5055555,2.038342
2.506944388888889,2.0380175
2.5083332777777776,2.037884
2.5097221666666667,2.0377312
2.5111110555555554,2.0375214
2.5124999444444445,2.0373495
2.513888833333333,2.0369868
2.5152777222222222,2.0369105
2.516666611111111,2.0367577
2.5180555,2.0364332
2.5194443888888887,2.0362234
2.5208332777777778,2.0360897
2.5222221666666664,2.0358989
2.5236110555555555,2.0356889
2.524999944444444,2.0353835
2.5263888333333333,2.0352499
2.527777722222222,2.035059
2.529166611111111,2.034811
2.5305554999999997,2.0346391
2.531944388888889,2.0343146
2.5333332777777775,2.034143
2.5347221666666666,2.0340283
2.5361110555555553,2.0336466
2.5374999444444444,2.0335321
2.538888833333333,2.0333221
2.540277722222222,2.0332458
2.541666611111111,2.0329595
2.5430555,2.0327878
2.5444443888888886,2.0325778
2.5458332777777777,2.0324824
2.5472221666666663,2.0322151
2.5486110555555554,2.0321388
2.549999944444444,2.0319479
2.551388833333333,2.0317378
2.5527777222222223,2.0316615
2.554166611111111,2.0314898
2.5555555,2.031337
2.5569443888888888,2.0310891
2.558333277777778,2.0309362
2.5597221666666665,2.0307262
2.5611110555555556,2.0305545
2.5624999444444443,2.030421
2.5638888333333334,2.030211
2.565277722222222,2.0300775
2.566666611111111,2.0299437
2.5680555,2.0297146
2.569444388888889,2.0295429
2.5708332777777776,2.029371
2.5722221666666667,2.0291612
2.5736110555555554,2.0291231
2.5749999444444445,2.0289512
2.576388833333333,2.028722
2.5777777222222222,2.0286267
2.579166611111111,2.0282831
2.5805555,2.0281878
2.5819443888888887,2.0282259
2.5833332777777778,2.0279968
2.5847221666666664,2.0276341
2.5861110555555555,2.0276341
2.587499944444444,2.0275578
2.5888888333333333,2.0273478
2.590277722222222,2.0270617
2.591666611111111,2.027138
2.5930554999999997,2.0268898
2.594444388888889,2.0269279
2.5958332777777775,2.0266988
2.5972221666666666,2.0264509
2.5986110555555553,2.0263171
2.5999999444444444,2.0262408
2.601388833333333,2.0261073
2.602777722222222,2.0261455
2.604166611111111,2.02584
2.6055555,2.0258019
2.6069443888888886,2.0256872
2.6083332777777777,2.0255156
2.6097221666666663,2.0254583
2.6111110555555554,2.0252483
2.612499944444444,2.0251529
2.613888833333333,2.0251148
2.6152777222222223,2.0249047
2.616666611111111,2.0247903
2.6180555,2.0247903
2.6194443888888888,2.0246375
2.620833277777778,2.0245993
2.6222221666666665,2.0245421
2.6236110555555556,2.0243895
2.6249999444444443,2.0243511
2.6263888333333334,2.0241985
2.627777722222222,2.0240076
2.629166611111111,2.024065
2.6305555,2.0240076
2.631944388888889,2.0237787
2.6333332777777776,2.0237215
2.6347221666666667,2.0235877
2.6361110555555554,2.0236259
2.6374999444444445,2.023664
2.638888833333333,2.0234351
2.6402777222222222,2.0233204
2.641666611111111,2.0230725
2.6430555,2.0231869
2.6444443888888887,2.0229769
2.6458332777777778,2.0228434
2.6472221666666664,2.0229006
2.6486110555555555,2.0227671
2.649999944444444,2.0227861
2.6513888333333333,2.0226715
2.652777722222222,2.0225952
2.654166611111111,2.0225189
2.6555554999999997,2.0224235
2.656944388888889,2.0224044
2.6583332777777775,2.0222898
2.6597221666666666,2.0222516
2.6611110555555553,2.0222707
2.6624999444444444,2.0220034
2.663888833333333,2.0220034
2.665277722222222,2.0217745
2.666666611111111,2.021908
2.6680555,2.0217555
2.6694443888888886,2.0216408
2.6708332777777777,2.021698
2.6722221666666663,2.021698
2.6736110555555554,2.0215073
2.674999944444444,2.0216217
2.676388833333333,2.0215263
2.6777777222222223,2.0213737
2.679166611111111,2.0213354
2.6805555,2.0212972
2.6819443888888888,2.0212781
2.683333277777778,2.0212591
2.6847221666666665,2.0212209
2.6861110555555556,2.0210874
2.6874999444444443,2.0210109
2.6888888333333334,2.0210299
2.690277722222222,2.0210493
2.691666611111111,2.0210109
2.6930555,2.0208011
2.694444388888889,2.0208011
2.6958332777777776,2.0208964
2.6972221666666667,2.0208201
2.6986110555555554,2.0208583
2.6999999444444445,2.0207248
2.701388833333333,2.0207438
2.7027777222222222,2.0207057
2.704166611111111,2.0206673
2.7055555,2.0206482
2.7069443888888887,2.0207057
2.7083332777777778,2.0206864
2.7097221666666664,2.0206482
2.7111110555555555,2.0204957
2.712499944444444,2.0206101
2.7138888333333333,2.0206292
2.715277722222222,2.0205529
2.716666611111111,2.020591
2.7180554999999997,2.0204194
2.719444388888889,2.0203619
2.7208332777777775,2.0204384
2.7222221666666666,2.0204194
2.7236110555555553,2.0204575
2.7249999444444444,2.0205338
2.726388833333333,2.0203812
2.727777722222222,2.0203812
2.729166611111111,2.0204194
2.7305555,2.0203812
2.7319443888888886,2.0203619
2.7333332777777777,2.0203047
2.7347221666666663,2.0203047
2.7361110555555554,2.0201712
2.737499944444444,2.0201902
2.738888833333333,2.0204194
2.7402777222222223,2.0203812
2.741666611111111,2.0203812
2.7430555,2.0203238
2.7444443888888888,2.0203238
2.745833277777778,2.0203047
2.7472221666666665,2.0202856
2.7486110555555556,2.0202665
2.7499999444444443,2.0203428
2.7513888333333334,2.0202856
2.752777722222222,2.0201521
2.754166611111111,2.0202856
2.7555555,2.0202665
2.756944388888889,2.0202665
2.7583332777777776,2.0202475
2.7597221666666667,2.0203428
2.7611110555555554,2.0203238
2.7624999444444445,2.0203428
2.763888833333333,2.0203812
2.7652777222222222,2.0203047
2.766666611111111,2.0202856
2.7680555,2.0203428
2.7694443888888887,2.0203047
2.7708332777777778,2.0204003
2.7722221666666664,2.0204384
2.7736110555555555,2.0204194
2.774999944444444,2.0204003
2.7763888333333333,2.0204575
2.777777722222222,2.0204384
2.779166611111111,2.0204575
2.7805554999999997,2.0203619
2.781944388888889,2.0204575
2.7833332777777775,2.0204957
2.7847221666666666,2.0204957
2.7861110555555553,2.0204575
2.7874999444444444,2.0203428
2.788888833333333,2.0204384
2.790277722222222,2.0204384
2.791666611111111,2.0203812
2.7930555,2.0204575
2.7944443888888886,2.0205529
2.7958332777777777,2.0205529
2.7972221666666663,2.0206101
2.7986110555555554,2.020591
2.799999944444444,2.0205719
2.801388833333333,2.020591
2.8027777222222223,2.020591
2.804166611111111,2.0207629
2.8055555,2.020782
2.8069443888888888,2.0208774
2.808333277777778,2.0210109
2.8097221666666665,2.0208774
2.8111110555555556,2.0208201
2.8124999444444443,2.0208774
2.8138888333333334,2.0209918
2.815277722222222,2.0210299
2.816666611111111,2.0210874
2.8180555,2.0210683
2.819444388888889,2.0212781
2.8208332777777776,2.0213544
2.8222221666666667,2.02124
2.8236110555555554,2.0213544
2.8249999444444445,2.0213163
2.826388833333333,2.0213928
2.8277777222222222,2.02145
2.829166611111111,2.0214691
2.8305555,2.0214119
2.8319443888888887,2.0216408
2.8333332777777778,2.0216408
2.8347221666666664,2.0216599
2.8361110555555555,2.0217936
2.837499944444444,2.0217936
2.8388888333333333,2.0218508
2.840277722222222,2.0219653
2.841666611111111,2.0220799
2.8430554999999997,2.022099
2.844444388888889,2.0221181
2.8458332777777775,2.0222707
2.8472221666666666,2.0222516
2.8486110555555553,2.022366
2.8499999444444444,2.022366
2.851388833333333,2.0224807
2.852777722222222,2.0225952
2.854166611111111,2.0227289
2.8555555,2.022748
2.8569443888888886,2.0227289
2.8583332777777777,2.0228243
2.8597221666666663,2.0228624
2.8611110555555554,2.0231869
2.862499944444444,2.0231297
2.863888833333333,2.0232441
2.8652777222222223,2.0233204
2.866666611111111,2.023397
2.8680555,2.023416
2.8694443888888888,2.0235305
2.870833277777778,2.0235496
2.8722221666666665,2.0237405
2.8736110555555556,2.0237596
2.8749999444444443,2.0238359
2.8763888333333334,2.0239503
2.877777722222222,2.0240266
2.879166611111111,2.0241032
2.8805555,2.0242176
2.881944388888889,2.0242558
2.8833332777777776,2.0244277
2.8847221666666667,2.0245421
2.8861110555555554,2.0246565
2.8874999444444445,2.0246947
2.888888833333333,2.0247903
2.8902777222222222,2.0249047
2.891666611111111,2.0248094
2.8930555,2.0250766
2.8944443888888887,2.025172
2.8958332777777778,2.0252292
2.8972221666666664,2.0253818
2.8986110555555555,2.0253055
2.899999944444444,2.0254965
2.9013888333333333,2.0254965
2.902777722222222,2.0255728
2.904166611111111,2.0257828
2.9055554999999997,2.0257828
2.906944388888889,2.0259163
2.9083332777777775,2.0260882
2.9097221666666666,2.0261264
2.9111110555555553,2.0262027
2.9124999444444444,2.0262599
2.913888833333333,2.0263937
2.915277722222222,2.0265844
2.916666611111111,2.0266416
2.9180555,2.0267372
2.9194443888888886,2.0268707
2.9208332777777777,2.0269089
2.9222221666666663,2.0270424
2.9236110555555554,2.0271761
2.924999944444444,2.0272524
2.926388833333333,2.0273478
2.9277777222222223,2.0274625
2.929166611111111,2.0274625
2.9305555,2.0276151
2.9319443888888888,2.0279014
2.933333277777778,2.0279205
2.9347221666666665,2.0279205
2.9361110555555556,2.0279777
2.9374999444444443,2.0280924
2.9388888333333334,2.0281496
2.940277722222222,2.0283022
2.941666611111111,2.0284169
2.9430555,2.0284741
2.944444388888889,2.0285885
2.9458332777777776,2.028703
2.9472221666666667,2.0287795
2.9486110555555554,2.0289321
2.9499999444444445,2.0289893
2.951388833333333,2.0290849
2.9527777222222222,2.0291231
2.954166611111111,2.0291421
2.9555555,2.0293138
2.9569443888888887,2.0294476
2.9583332777777778,2.0295429
2.9597221666666664,2.0295048
2.9611110555555555,2.0297146
2.962499944444444,2.0297911
2.9638888333333333,2.0299628
2.965277722222222,2.0299628
2.966666611111111,2.0300775
2.9680554999999997,2.0303063
2.969444388888889,2.0303063
2.9708332777777775,2.0304017
2.9722221666666666,2.0304592
2.9736110555555553,2.030688
2.9749999444444444,2.0306499
2.976388833333333,2.0307646
2.977777722222222,2.0308027
2.979166611111111,2.0308409
2.9805555,2.0309172
2.9819443888888886,2.0310891
2.9833332777777777,2.0311272
2.9847221666666663,2.0311463
2.9861110555555554,2.0313179
2.987499944444444,2.0313942
2.988888833333333,2.0315089
2.9902777222222223,2.0315852
2.991666611111111,2.0315471
2.9930555,2.0317378
2.9944443888888888,2.0318143
2.995833277777778,2.0318716
2.9972221666666665,2.0318716
2.9986110555555556,2.0321007
2.9999999444444443,2.0322151
3.0013888333333334,2.032177
3.002777722222222,2.0323105
3.004166611111111,2.0323296
3.0055555,2.0325015
3.006944388888889,2.0324633
3.0083332777777776,2.0324824
3.0097221666666667,2.0326731
3.0111110555555554,2.0326731
3.0124999444444445,2.0328259
3.013888833333333,2.0329213
3.0152777222222222,2.0329404
3.016666611111111,2.0330358
3.0180555,2.0331886
3.0194443888888887,2.0331314
3.0208332777777778,2.0331695
3.0222221666666664,2.0333793
3.0236110555555555,2.0333793
3.024999944444444,2.0334558
3.0263888333333333,2.0336466
3.027777722222222,2.0336657
3.029166611111111,2.0337613
3.0305554999999997,2.0339329
3.031944388888889,2.0338948
3.0333332777777775,2.0339711
3.0347221666666666,2.0340283
3.0361110555555553,2.0340092
3.0374999444444444,2.0341239
3.038888833333333,2.0342002
3.040277722222222,2.0342765
3.041666611111111,2.0342765
3.0430555,2.0344484
3.0444443888888886,2.0344865
3.0458332777777777,2.0345056
3.0472221666666663,2.0346773
3.0486110555555554,2.0347729
3.049999944444444,2.0347919
3.051388833333333,2.034811
3.0527777222222223,2.0348873
3.054166611111111,2.035078
3.0555555,2.0350208
3.0569443888888888,2.0351546
3.058333277777778,2.035269
3.0597221666666665,2.0352118
3.0611110555555556,2.0353644
3.0624999444444443,2.0355172
3.0638888333333334,2.0354409
3.065277722222222,2.0356317
3.066666611111111,2.0356317
3.0680555,2.035727
3.069444388888889,2.0357652
3.0708332777777776,2.0357652
3.0722221666666667,2.0358417
3.0736110555555554,2.0360706
3.0749999444444445,2.0359371
3.076388833333333,2.0360706
3.0777777222222222,2.0362043
3.079166611111111,2.0360515
3.0805555,2.0361853
3.0819443888888887,2.0362806
3.0833332777777778,2.036376
3.0847221666666664,2.0363951
3.0861110555555555,2.0364332
3.087499944444444,2.0365479
3.0888888333333333,2.0365098
3.090277722222222,2.0365479
3.091666611111111,2.0367005
3.0930554999999997,2.0366623
3.094444388888889,2.0368724
3.0958332777777775,2.0369296
3.0972221666666666,2.0368533
3.0986110555555553,2.0369678
3.0999999444444444,2.0369868
3.101388833333333,2.0370822
3.102777722222222,2.0371587
3.104166611111111,2.0372159
3.1055555,2.0372541
3.1069443888888886,2.0373876
3.1083332777777777,2.0373876
3.1097221666666663,2.0375404
3.1111110555555554,2.0375786
3.112499944444444,2.0375595
3.113888833333333,2.0375404
3.1152777222222223,2.0375595
3.116666611111111,2.037693
3.1180555,2.037693
3.1194443888888888,2.0377121
3.120833277777778,2.0378649
3.1222221666666665,2.0378268
3.1236110555555556,2.0378458
3.1249999444444443,2.0379794
3.1263888333333334,2.0381513
3.127777722222222,2.0382466
3.129166611111111,2.0380747
3.1305555,2.0382085
3.131944388888889,2.0384183
3.1333332777777776,2.0383229
3.1347221666666667,2.0383229
3.1361110555555554,2.038552
3.1374999444444445,2.0384567
3.138888833333333,2.0385139
3.1402777222222222,2.0384183
3.141666611111111,2.0386665
3.1430555,2.0387428
3.1444443888888887,2.0387619
3.1458332777777778,2.0386474
3.1472221666666664,2.0388002
3.1486110555555555,2.0389528
3.149999944444444,2.038991
3.1513888333333333,2.0388765
3.152777722222222,2.0390482
3.154166611111111,2.0391629
3.1555554999999997,2.0392582
3.156944388888889,2.0392201
3.1583332777777775,2.0392582
3.1597221666666666,2.0392773
3.1611110555555553,2.0392964
3.1624999444444444,2.0394299
3.163888833333333,2.039449
3.165277722222222,2.0394874
3.166666611111111,2.0395827
3.1680555,2.0395637
3.1694443888888886,2.0396972
3.1708332777777777,2.0396209
3.1722221666666663,2.0398118
3.1736110555555554,2.0396399
3.174999944444444,2.0398118
3.176388833333333,2.0397544
3.1777777222222223,2.0399454
3.179166611111111,2.0400217
3.1805555,2.0399263
3.1819443888888888,2.0400598
3.183333277777778,2.0399644
3.1847221666666665,2.0400789
3.1861110555555556,2.040098
3.1874999444444443,2.040117
3.1888888333333334,2.0402889
3.190277722222222,2.0402699
3.191666611111111,2.0403461
3.1930555,2.0403843
3.194444388888889,2.0404799
3.1958332777777776,2.0404224
3.1972221666666667,2.0405943
3.1986110555555554,2.0405753
3.1999999444444445,2.0406516
3.201388833333333,2.0406897
3.2027777222222222,2.0406134
3.204166611111111,2.0406706
3.2055555,2.0407469
3.2069443888888887,2.0407851
3.2083332777777778,2.0408425
3.2097221666666664,2.040957
3.2111110555555555,2.0408235
3.212499944444444,2.040957
3.2138888333333333,2.0409951
3.215277722222222,2.040976
3.216666611111111,2.0410523
3.2180554999999997,2.0410714
3.219444388888889,2.0408998
3.2208332777777775,2.0410905
3.2222221666666666,2.0411479
3.2236110555555553,2.0413196
3.2249999444444444,2.0412815
3.226388833333333,2.0413768
3.227777722222222,2.0413578
3.229166611111111,2.0413959
3.2305555,2.0415297
3.2319443888888886,2.0413959
3.2333332777777777,2.0414724
3.2347221666666663,2.0415297
3.2361110555555554,2.0415869
3.237499944444444,2.0415106
3.238888833333333,2.0416822
3.2402777222222223,2.0416632
3.241666611111111,2.0416059
3.2430555,2.0417395
3.2444443888888888,2.0417969
3.245833277777778,2.0418351
3.2472221666666665,2.0419114
3.2486110555555556,2.0417969
3.2499999444444443,2.0418732
3.2513888333333334,2.0417776
3.252777722222222,2.0419114
3.254166611111111,2.0419877
3.2555555,2.0419877
3.256944388888889,2.0419877
3.2583332777777776,2.0421021
3.2597221666666667,2.0421977
3.2611110555555554,2.0421977
3.2624999444444445,2.0421596
3.263888833333333,2.0423121
3.2652777222222222,2.042274
3.266666611111111,2.0422931
3.2680555,2.0424647
3.2694443888888887,2.0424075
3.2708332777777778,2.0423694
3.2722221666666664,2.0425794
3.2736110555555555,2.0425985
3.274999944444444,2.0425222
3.2763888333333333,2.0425222
3.277777722222222,2.0426176
3.279166611111111,2.0426366
3.2805554999999997,2.0426748
3.281944388888889,2.042732
3.2833332777777775,2.0426366
3.2847221666666666,2.0427129
3.2861110555555553,2.0427701
3.2874999444444444,2.0428085
3.288888833333333,2.0429039
3.290277722222222,2.0429039
3.291666611111111,2.042942
3.2930555,2.0428276
3.2944443888888886,2.042923
3.2958332777777777,2.0429993
3.2972221666666663,2.0430183
3.2986110555555554,2.0430756
3.299999944444444,2.0430565
3.301388833333333,2.0431521
3.3027777222222223,2.0430756
3.304166611111111,2.0429993
3.3055555,2.0431902
3.3069443888888888,2.0432284
3.308333277777778,2.0433047
3.3097221666666665,2.0431712
3.3111110555555556,2.0431521
3.3124999444444443,2.0432284
3.3138888333333334,2.0432856
3.315277722222222,2.0433428
3.316666611111111,2.0434382
3.3180555,2.0435719
3.319444388888889,2.0433238
3.3208332777777776,2.0434191
3.3222221666666667,2.0434957
3.3236110555555554,2.0435529
3.3249999444444445,2.0434573
3.326388833333333,2.0437055
3.3277777222222222,2.0436101
3.329166611111111,2.0436292
3.3305555,2.0437627
3.3319443888888887,2.0436101
3.3333332777777778,2.0437055
3.3347221666666664,2.0437436
3.3361110555555555,2.0437627
3.337499944444444,2.0438583
3.3388888333333333,2.0437627
3.340277722222222,2.0439537
3.341666611111111,2.0439155
3.3430554999999997,2.0438392
3.344444388888889,2.0439346
3.3458332777777775,2.0440109
3.3472221666666666,2.0440681
3.3486110555555553,2.0440681
3.3499999444444444,2.0440681
3.351388833333333,2.0440681
3.352777722222222,2.0441253
3.354166611111111,2.0441062
3.3555555,2.0442972
3.3569443888888886,2.0442209
3.3583332777777777,2.0441828
3.3597221666666663,2.0441828
3.3611110555555554,2.0444882
3.362499944444444,2.0442019
3.363888833333333,2.0443354
3.3652777222222223,2.0444117
3.366666611111111,2.0443544
3.3680555,2.0444117
3.3694443888888888,2.0446026
3.370833277777778,2.0444307
3.3722221666666665,2.0444498
3.3736110555555556,2.0445073
3.3749999444444443,2.0443735
3.3763888333333334,2.0445073
3.377777722222222,2.0445263
3.379166611111111,2.0446217
3.3805555,2.0446217
3.381944388888889,2.0446408
3.3833332777777776,2.0445454
3.3847221666666667,2.0447552
3.3861110555555554,2.0446408
3.3874999444444445,2.0446599
3.388888833333333,2.0446599
3.3902777222222222,2.0447361
3.391666611111111,2.0447934
3.3930555,2.0447934
3.3944443888888887,2.0447934
3.3958332777777778,2.044908
3.3972221666666664,2.0448127
3.3986110555555555,2.044908
3.399999944444444,2.0449653
3.4013888333333333,2.0448508
3.402777722222222,2.0449462
3.404166611111111,2.0450416
3.4055554999999997,2.0450225
3.406944388888889,2.0449653
3.4083332777777775,2.0450416
3.4097221666666666,2.0451179
3.4111110555555553,2.0450606
3.4124999444444444,2.0452325
3.413888833333333,2.0451369
3.415277722222222,2.0450034
3.416666611111111,2.0451944
3.4180555,2.0453088
3.4194443888888886,2.0452325
3.4208332777777777,2.0452516
3.4222221666666663,2.0452325
3.4236110555555554,2.0454042
3.424999944444444,2.0453088
3.426388833333333,2.0453088
3.4277777222222223,2.0452325
3.429166611111111,2.0454233
3.4305555,2.0453279
3.4319443888888888,2.0452898
3.433333277777778,2.0453851
3.4347221666666665,2.0454614
3.4361110555555556,2.0454233
3.4374999444444443,2.0454805
3.4388888333333334,2.0454998
3.440277722222222,2.0455189
3.441666611111111,2.0456524
3.4430555,2.045557
3.444444388888889,2.0455379
3.4458332777777776,2.0457478
3.4472221666666667,2.0455379
3.4486110555555554,2.0456715
3.4499999444444445,2.0456333
3.451388833333333,2.0457096
3.4527777222222222,2.0457096
3.454166611111111,2.0457287
3.4555555,2.0457668
3.4569443888888887,2.045805
3.4583332777777778,2.0459387
3.4597221666666664,2.0458243
3.4611110555555555,2.0458624
3.462499944444444,2.0459197
3.4638888333333333,2.0458815
3.465277722222222,2.045805
3.466666611111111,2.0460341
3.4680554999999997,2.0460532
3.469444388888889,2.0459769
3.4708332777777775,2.0460722
3.4722221666666666,2.0459578
3.4736110555555553,2.0460341
3.4749999444444444,2.0459006
3.476388833333333,2.0460913
3.477777722222222,2.046015
3.479166611111111,2.0459197
3.4805555,2.045996
3.4819443888888886,2.046206
3.4833332777777777,2.0461869
3.4847221666666663,2.0461679
3.4861110555555554,2.0462441
3.487499944444444,2.0462251
3.488888833333333,2.0463586
3.4902777222222223,2.0462823
3.491666611111111,2.0463204
3.4930555,2.0462823
3.4944443888888888,2.0463204
3.495833277777778,2.0464158
3.4972221666666665,2.0463586
3.4986110555555556,2.0463967
3.4999999444444443,2.0464158
3.5013888333333334,2.0463395
3.502777722222222,2.0463967
3.504166611111111,2.046454
3.5055555,2.0465114
3.506944388888889,2.0464349
3.5083332777777776,2.0466068
3.5097221666666667,2.0464158
3.5111110555555554,2.0465496
3.5124999444444445,2.0465114
3.513888833333333,2.0465686
3.5152777222222222,2.0465877
3.516666611111111,2.0467975
3.5180555,2.0465114
3.5194443888888887,2.0467021
3.5208332777777778,2.0467212
3.5222221666666664,2.0467212
3.5236110555555555,2.046664
3.524999944444444,2.0467594
3.5263888333333333,2.0467403
3.527777722222222,2.0467403
3.529166611111111,2.0467975
3.5305554999999997,2.0467784
3.531944388888889,2.046855
3.5333332777777775,2.046874
3.5347221666666666,2.0468931
3.5361110555555553,2.0468359
3.5374999444444444,2.0469313
3.538888833333333,2.0467784
3.540277722222222,2.0469503
3.541666611111111,2.0470648
3.5430555,2.046855
3.5444443888888886,2.0469885
3.5458332777777777,2.0469694
3.5472221666666663,2.0469503
3.5486110555555554,2.047122
3.549999944444444,2.0469503
3.551388833333333,2.0469694
3.5527777222222223,2.0470076
3.554166611111111,2.0469885
3.5555555,2.0469503
3.5569443888888888,2.047122
3.558333277777778,2.0471029
3.5597221666666665,2.0471029
3.5611110555555556,2.0471985
3.5624999444444443,2.0472367
3.5638888333333334,2.0472558
3.565277722222222,2.047332
3.566666611111111,2.0472367
3.5680555,2.047313
3.569444388888889,2.0472748
3.5708332777777776,2.0472367
3.5722221666666667,2.047313
3.5736110555555554,2.0472939
3.5749999444444445,2.0473511
3.576388833333333,2.047332
3.5777777222222222,2.0473511
3.579166611111111,2.0474465
3.5805555,2.0474274
3.5819443888888887,2.047332
3.5833332777777778,2.0473893
3.5847221666666664,2.0473702
3.5861110555555555,2.0474656
3.587499944444444,2.0474656
3.5888888333333333,2.0474656
3.590277722222222,2.0473702
3.591666611111111,2.047523
3.5930554999999997,2.047523
3.594444388888889,2.0476375
3.5958332777777775,2.0475802
3.5972221666666666,2.0475421
3.5986110555555553,2.0475993
3.5999999444444444,2.0476756
3.601388833333333,2.0475802
3.602777722222222,2.0476375
3.604166611111111,2.0476565
3.6055555,2.0476565
3.6069443888888886,2.0476565
3.6083332777777777,2.0477519
3.6097221666666663,2.0477328
3.6111110555555554,2.0476565
3.612499944444444,2.0476947
3.613888833333333,2.0476947
3.6152777222222223,2.0477901
3.616666611111111,2.0477519
3.6180555,2.0476565
3.6194443888888888,2.047771
3.620833277777778,2.0477519
3.6222221666666665,2.0477901
3.6236110555555556,2.0478091
3.6249999444444443,2.0479429
3.6263888333333334,2.0478666
3.627777722222222,2.0477901
3.629166611111111,2.0477901
3.6305555,2.0478284
3.631944388888889,2.0478666
3.6333332777777776,2.0478857
3.6347221666666667,2.0480001
3.6361110555555554,2.0480382
3.6374999444444445,2.0480192
3.638888833333333,2.047981
3.6402777222222222,2.0479429
3.641666611111111,2.0479429
3.6430555,2.0479429
3.6444443888888887,2.047981
3.6458332777777778,2.0481145
3.6472221666666664,2.0480764
3.6486110555555555,2.047981
3.649999944444444,2.0480192
3.6513888333333333,2.0481336
3.652777722222222,2.047981
3.654166611111111,2.0480382
3.6555554999999997,2.0481527
3.656944388888889,2.0480955
3.6583332777777775,2.0481336
3.6597221666666666,2.0481145
3.6611110555555553,2.0482101
3.6624999444444444,2.0481527
3.663888833333333,2.0480764
3.665277722222222,2.0481336
3.666666611111111,2.0482483
3.6680555,2.0482483
3.6694443888888886,2.0482292
3.6708332777777777,2.0481911
3.6722221666666663,2.0482864
3.6736110555555554,2.0482864
3.674999944444444,2.0483627
3.676388833333333,2.0482483
3.6777777222222223,2.0481911
3.679166611111111,2.0483627
3.6805555,2.0483055
3.6819443888888888,2.048439
3.683333277777778,2.0483055
3.6847221666666665,2.0483437
3.6861110555555556,2.0483818
3.6874999444444443,2.048439
3.6888888333333334,2.0483627
3.690277722222222,2.0483818
3.691666611111111,2.0484581
3.6930555,2.0485537
3.694444388888889,2.0485346
3.6958332777777776,2.048439
3.6972221666666667,2.0484772
3.6986110555555554,2.0486109
3.6999999444444445,2.0484581
3.701388833333333,2.048439
3.7027777222222222,2.0484772
3.704166611111111,2.0484772
3.7055555,2.0485156
3.7069443888888887,2.0485346
3.7083332777777778,2.0485537
3.7097221666666664,2.0485537
3.7111110555555555,2.0485156
3.712499944444444,2.0485728
3.7138888333333333,2.0486872
3.715277722222222,2.0486109
3.716666611111111,2.0485919
3.7180554999999997,2.0485728
3.719444388888889,2.04863
3.7208332777777775,2.0487063
3.7222221666666666,2.0485919
3.7236110555555553,2.0486491
3.7249999444444444,2.0487635
3.726388833333333,2.0487444
3.727777722222222,2.0486872
3.729166611111111,2.0488017
3.7305555,2.0487254
3.7319443888888886,2.0488591
3.7333332777777777,2.0487635
3.7347221666666663,2.0487444
3.7361110555555554,2.0487826
3.737499944444444,2.0488017
3.738888833333333,2.0488207
3.7402777222222223,2.0489545
3.741666611111111,2.0488973
3.7430555,2.04884
3.7444443888888888,2.0488782
3.745833277777778,2.0488782
3.7472221666666665,2.0489926
3.7486110555555556,2.04884
3.7499999444444443,2.0488973
3.7513888333333334,2.0489354
3.752777722222222,2.0489545
3.754166611111111,2.0488973
3.7555555,2.0488591
3.756944388888889,2.0489736
3.7583332777777776,2.04884
3.7597221666666667,2.0488973
3.7611110555555554,2.0490499
3.7624999444444445,2.0489163
3.763888833333333,2.049088
3.7652777222222222,2.049088
3.766666611111111,2.0490117
3.7680555,2.0489926
3.7694443888888887,2.0490308
3.7708332777777778,2.0490499
3.7722221666666664,2.0490689
3.7736110555555555,2.0490308
3.774999944444444,2.0491452
3.7763888333333333,2.0491071
3.777777722222222,2.0491261
3.779166611111111,2.0491643
3.7805554999999997,2.0490689
3.781944388888889,2.0489926
3.7833332777777775,2.0492408
3.7847221666666666,2.0491836
3.7861110555555553,2.0491643
3.7874999444444444,2.0491836
3.788888833333333,2.0491836
3.790277722222222,2.0491452
3.791666611111111,2.0491836
3.7930555,2.0491452
3.7944443888888886,2.0492599
3.7958332777777777,2.0491643
3.7972221666666663,2.0491261
3.7986110555555554,2.0492599
3.799999944444444,2.0492027
3.801388833333333,2.0492408
3.8027777222222223,2.049298
3.804166611111111,2.0494125
3.8055555,2.0494506
3.8069443888888888,2.0492218
3.808333277777778,2.0493362
3.8097221666666665,2.0495081
3.8111110555555556,2.0492599
3.8124999444444443,2.0494316
3.8138888333333334,2.0494316
3.815277722222222,2.0493743
3.816666611111111,2.0493553
3.8180555,2.0494506
3.819444388888889,2.0494506
3.8208332777777776,2.0495081
3.8222221666666667,2.0494125
3.8236110555555554,2.0494697
3.8249999444444445,2.0495272
3.826388833333333,2.0495653
3.8277777222222222,2.0494506
3.829166611111111,2.0494888
3.8305555,2.0495653
3.8319443888888887,2.0495653
3.8333332777777778,2.0494697
3.8347221666666664,2.0494888
3.8361110555555555,2.0495272
3.837499944444444,2.0494888
3.8388888333333333,2.0495462
3.840277722222222,2.0496416
3.841666611111111,2.0496416
3.8430554999999997,2.0496225
3.844444388888889,2.0496607
3.8458332777777775,2.0496225
3.8472221666666666,2.0497179
3.8486110555555553,2.0496416
3.8499999444444444,2.0497751
3.851388833333333,2.0497179
3.852777722222222,2.0497751
3.854166611111111,2.0497561
3.8555555,2.049737
3.8569443888888886,2.0496035
3.8583332777777777,2.0497751
3.8597221666666663,2.0496607
3.8611110555555554,2.0496798
3.862499944444444,2.0499089
3.863888833333333,2.0498707
3.8652777222222223,2.0497179
3.866666611111111,2.0497942
3.8680555,2.0497942
3.8694443888888888,2.0496798
3.870833277777778,2.0497942
3.8722221666666665,2.0498707
3.8736110555555556,2.0498707
3.8749999444444443,2.0498323
3.8763888333333334,2.0497942
3.877777722222222,2.0497942
3.879166611111111,2.0498323
3.8805555,2.0499279
3.881944388888889,2.0498898
3.8833332777777776,2.0499089
3.8847221666666667,2.0498323
3.8861110555555554,2.049947
3.8874999444444445,2.0498707
3.888888833333333,2.0499279
3.8902777222222222,2.0498898
3.891666611111111,2.0499852
3.8930555,2.0498898
3.8944443888888887,2.0499852
3.8958332777777778,2.0498898
3.8972221666666664,2.0499279
3.8986110555555555,2.0500805
3.899999944444444,2.0501378
3.9013888333333333,2.0501187
3.902777722222222,2.0500805
3.904166611111111,2.0501568
3.9055554999999997,2.0501187
3.906944388888889,2.0501187
3.9083332777777775,2.0500615
3.9097221666666666,2.0501761
3.9111110555555553,2.0502143
3.9124999444444444,2.0500424
3.913888833333333,2.0502143
3.915277722222222,2.0502143
3.916666611111111,2.0500615
3.9180555,2.0501378
3.9194443888888886,2.0502143
3.9208332777777777,2.0501568
3.9222221666666663,2.0501187
3.9236110555555554,2.0500805
3.924999944444444,2.0502524
3.926388833333333,2.0501187
3.9277777222222223,2.0501568
3.929166611111111,2.0502715
3.9305555,2.0502715
3.9319443888888888,2.0502524
3.933333277777778,2.0502334
3.9347221666666665,2.0501952
3.9361110555555556,2.0503287
3.9374999444444443,2.0503669
3.9388888333333334,2.050386
3.940277722222222,2.0503287
3.941666611111111,2.050405
3.9430555,2.0503669
3.944444388888889,2.0502334
3.9458332777777776,2.0503097
3.9472221666666667,2.0502715
3.9486110555555554,2.0502334
3.9499999444444445,2.0503478
3.951388833333333,2.0503669
3.9527777222222222,2.0503287
3.954166611111111,2.0504241
3.9555555,2.0503669
3.9569443888888887,2.0503669
3.9583332777777778,2.0503478
3.9597221666666664,2.0503097
3.9611110555555555,2.0504432
3.962499944444444,2.0504813
3.9638888333333333,2.0504241
3.965277722222222,2.0503669
3.966666611111111,2.0503669
3.9680554999999997,2.0504432
3.969444388888889,2.050386
3.9708332777777775,2.0504432
3.9722221666666666,2.0504813
3.9736110555555553,2.0504813
3.9749999444444444,2.0504241
3.976388833333333,2.0504241
3.977777722222222,2.0504432
3.979166611111111,2.0504432
3.9805555,2.0505769
3.9819443888888886,2.0505388
3.9833332777777777,2.0504813
3.9847221666666663,2.0505197
3.9861110555555554,2.0505388
3.987499944444444,2.0506341
3.988888833333333,2.0506341
3.9902777222222223,2.050596
3.991666611111111,2.0506341
3.9930555,2.0506532
3.9944443888888888,2.0506341
3.995833277777778,2.0505769
3.9972221666666665,2.0506341
3.9986110555555556,2.0505769
3.9999999444444443,2.0505769
4.001388833333333,2.0506914
4.0027777222222225,2.0507104
4.004166611111111,2.0505579
4.0055555,2.0506914
4.006944388888889,2.0507295
4.008333277777778,2.0506723
4.009722166666666,2.0507104
4.011111055555555,2.0507867
4.0124999444444445,2.0506723
4.013888833333334,2.0506914
4.015277722222222,2.0506532
4.016666611111111,2.0508058
4.0180555,2.0506914
4.019444388888889,2.0507677
4.020833277777777,2.0506723
4.022222166666666,2.0507486
4.0236110555555555,2.0507486
4.024999944444445,2.0507677
4.026388833333333,2.0508442
4.027777722222222,2.0508823
4.029166611111111,2.0508633
4.0305555,2.0507677
4.031944388888888,2.0508442
4.0333332777777775,2.0509014
4.034722166666667,2.0509586
4.036111055555556,2.0509586
4.037499944444444,2.0508823
4.038888833333333,2.0508633
4.040277722222222,2.0509396
4.041666611111111,2.0509396
4.0430554999999995,2.0509205
4.044444388888889,2.0509205
4.045833277777778,2.0507867
4.047222166666667,2.0508442
4.048611055555555,2.0508442
4.049999944444444,2.0508823
4.051388833333333,2.0509205
4.052777722222222,2.0508633
4.054166611111111,2.0509968
4.0555555,2.0509777
4.056944388888889,2.0509777
4.058333277777778,2.0508823
4.059722166666667,2.0509205
4.061111055555555,2.0509586
4.062499944444444,2.0509586
4.063888833333333,2.0510731
4.0652777222222225,2.0509777
4.066666611111111,2.0510159
4.0680555,2.0511112
4.069444388888889,2.0509205
4.070833277777778,2.0510349
4.072222166666666,2.0510349
4.073611055555555,2.0510159
4.0749999444444445,2.0511112
4.076388833333334,2.0511112
4.077777722222222,2.0510731
4.079166611111111,2.0510731
4.0805555,2.0509777
4.081944388888889,2.0511112
4.083333277777777,2.0511303
4.084722166666666,2.051054
4.0861110555555555,2.051054
4.087499944444445,2.0511494
4.088888833333333,2.051264
4.090277722222222,2.0510921
4.091666611111111,2.0510349
4.0930555,2.0509968
4.094444388888888,2.0511878
4.0958332777777775,2.0511878
4.097222166666667,2.0512068
4.098611055555556,2.051245
4.099999944444444,2.051245
4.101388833333333,2.0511878
4.102777722222222,2.051245
4.104166611111111,2.0511878
4.1055554999999995,2.0512068
4.106944388888889,2.0511112
4.108333277777778,2.0512068
4.109722166666667,2.051245
4.111111055555555,2.0511878
4.112499944444444,2.0512831
4.113888833333333,2.0512259
4.115277722222222,2.0512259
4.116666611111111,2.0512831
4.1180555,2.0512831
4.119444388888889,2.0511684
4.120833277777778,2.0512259
4.122222166666667,2.0512259
4.123611055555555,2.051245
4.124999944444444,2.0513213
4.126388833333333,2.0513213
4.1277777222222225,2.0512831
4.129166611111111,2.051264
4.1305555,2.051245
4.131944388888889,2.0513213
4.133333277777778,2.0513594
4.134722166666666,2.051264
4.136111055555555,2.0512831
4.1374999444444445,2.0512831
4.138888833333334,2.0514166
4.140277722222222,2.0513213
4.141666611111111,2.0513213
4.1430555,2.0514739
4.144444388888889,2.0512831
4.145833277777777,2.0514357
4.147222166666666,2.0513403
4.1486110555555555,2.0513594
4.149999944444445,2.0514166
4.151388833333333,2.0514166
4.152777722222222,2.0514548
4.154166611111111,2.0514357
4.1555555,2.0514357
4.156944388888888,2.0512831
4.1583332777777775,2.0514166
4.159722166666667,2.0513976
4.161111055555556,2.0515313
4.162499944444444,2.0514548
4.163888833333333,2.0514357
4.165277722222222,2.0513594
4.166666611111111,2.0516076
4.1680554999999995,2.0515885
4.169444388888889,2.0515313
4.170833277777778,2.0514929
4.172222166666667,2.0514739
4.173611055555555,2.0516076
4.174999944444444,2.0515695
4.176388833333333,2.0515313
4.177777722222222,2.0514929
4.179166611111111,2.0514548
4.1805555,2.0515313
4.181944388888889,2.0515885
4.183333277777778,2.0516839
4.184722166666667,2.0515695
4.186111055555555,2.0515313
4.187499944444444,2.0514929
4.188888833333333,2.0515313
4.1902777222222225,2.0515885
4.191666611111111,2.0515122
4.1930555,2.0515313
4.194444388888889,2.0516267
4.195833277777778,2.0516458
4.197222166666666,2.0515504
4.198611055555555,2.0515695
4.1999999444444445,2.0516648
4.201388833333334,2.0516076
4.202777722222222,2.0515122
4.204166611111111,2.0515695
4.2055555,2.0516267
4.206944388888889,2.0516267
4.208333277777777,2.051722
4.209722166666666,2.0516267
4.2111110555555555,2.0516648
4.212499944444445,2.0516648
4.213888833333333,2.0515504
4.215277722222222,2.051722
4.216666611111111,2.0516458
4.2180555,2.0516267
4.219444388888888,2.0517411
4.2208332777777775,2.0516648
4.222222166666667,2.051722
4.223611055555556,2.051722
4.224999944444444,2.0516076
4.226388833333333,2.0517602
4.227777722222222,2.0516839
4.229166611111111,2.051722
4.2305554999999995,2.0517602
4.231944388888889,2.051703
4.233333277777778,2.051722
4.234722166666667,2.051703
4.236111055555555,2.051722
4.237499944444444,2.0517602
4.238888833333333,2.0517411
4.240277722222222,2.0516648
4.241666611111111,2.0517793
4.2430555,2.0518365
4.244444388888889,2.0517411
4.245833277777778,2.0517793
4.247222166666667,2.051703
4.248611055555555,2.051722
4.249999944444444,2.0516648
4.251388833333333,2.0518749
4.2527777222222225,2.0517602
4.254166611111111,2.051722
4.2555555,2.0518749
4.256944388888889,2.0518174
4.258333277777778,2.0517411
4.259722166666666,2.0517983
4.261111055555555,2.0517983
4.2624999444444445,2.0518365
4.263888833333334,2.0517411
4.265277722222222,2.0517793
4.266666611111111,2.0517602
4.2680555,2.051913
4.269444388888889,2.0518174
4.270833277777777,2.0519702
4.272222166666666,2.0518174
4.2736110555555555,2.0517983
4.274999944444445,2.0517983
4.276388833333333,2.0518939
4.277777722222222,2.0518939
4.279166611111111,2.0518174
4.2805555,2.0519321
4.281944388888888,2.0517411
4.2833332777777775,2.0518749
4.284722166666667,2.0519321
4.286111055555556,2.0519893
4.287499944444444,2.0519702
4.288888833333333,2.0519321
4.290277722222222,2.051913
4.291666611111111,2.0518749
4.2930554999999995,2.0520084
4.294444388888889,2.0518174
4.295833277777778,2.0518365
4.297222166666667,2.0519893
4.298611055555555,2.0518558
4.299999944444444,2.0519512
4.301388833333333,2.051913
4.302777722222222,2.051913
4.304166611111111,2.051913
4.3055555,2.0519702
4.306944388888889,2.0518174
4.308333277777778,2.051913
4.309722166666667,2.0518939
4.311111055555555,2.0518749
4.312499944444444,2.0519702
4.313888833333333,2.0519512
4.3152777222222225,2.0519893
4.316666611111111,2.0519893
4.3180555,2.0519321
4.319444388888889,2.051913
4.320833277777778,2.051913
4.322222166666666,2.0519702
4.323611055555555,2.0520847
4.3249999444444445,2.0520465
4.326388833333334,2.0520084
4.327777722222222,2.0520084
4.329166611111111,2.0520656
4.3305555,2.0519893
4.331944388888889,2.0519893
4.333333277777777,2.0521228
4.334722166666666,2.0521038
4.3361110555555555,2.0520465
4.337499944444445,2.0520656
4.338888833333333,2.0520847
4.340277722222222,2.0519512
4.341666611111111,2.0520275
4.3430555,2.0520084
4.344444388888888,2.0521038
4.3458332777777775,2.0520084
4.347222166666667,2.0520465
4.348611055555556,2.0520465
4.349999944444444,2.0521419
4.351388833333333,2.0520465
4.352777722222222,2.0519893
4.354166611111111,2.0521228
4.3555554999999995,2.0521038
4.356944388888889,2.0521419
4.358333277777778,2.0521994
4.359722166666667,2.0520084
4.361111055555555,2.0520275
4.362499944444444,2.0521038
4.363888833333333,2.0521228
4.365277722222222,2.0520656
4.366666611111111,2.0520656
4.3680555,2.0521038
4.369444388888889,2.0520465
4.370833277777778,2.0521803
4.372222166666667,2.0522184
4.373611055555555,2.0522566
4.374999944444444,2.0521038
4.376388833333333,2.0521038
4.3777777222222225,2.0521994
4.379166611111111,2.0520465
4.3805555,2.0521038
4.381944388888889,2.0521803
4.383333277777778,2.0521419
4.384722166666666,2.0521803
4.386111055555555,2.0522184
4.3874999444444445,2.0521228
4.388888833333334,2.0521994
4.390277722222222,2.052161
4.391666611111111,2.0521803
4.3930555,2.0522757
4.394444388888889,2.0522375
4.395833277777777,2.0521994
4.397222166666666,2.0521803
4.3986110555555555,2.0521994
4.399999944444445,2.0521994
4.401388833333333,2.0522375
4.402777722222222,2.0521228
4.404166611111111,2.0521994
4.4055555,2.0521803
4.406944388888888,2.0522184
4.4083332777777775,2.0522757
4.409722166666667,2.0522375
4.411111055555556,2.0522184
4.412499944444444,2.0522757
4.413888833333333,2.0522947
4.415277722222222,2.0521803
4.416666611111111,2.0522947
4.4180554999999995,2.0522566
4.419444388888889,2.052352
4.420833277777778,2.0523138
4.422222166666667,2.0522375
4.423611055555555,2.0523901
4.424999944444444,2.0523138
4.426388833333333,2.0522757
4.427777722222222,2.0522375
4.429166611111111,2.0523329
4.4305555,2.0523138
4.431944388888889,2.0523138
4.433333277777778,2.0522566
4.434722166666667,2.0523138
4.436111055555555,2.0523138
4.437499944444444,2.0522947
4.438888833333333,2.0522947
4.4402777222222225,2.0522757
4.441666611111111,2.0523329
4.4430555,2.0523329
4.444444388888889,2.0522947
4.445833277777778,2.0523329
4.447222166666666,2.0521994
4.448611055555555,2.052371
4.4499999444444445,2.0522947
4.451388833333334,2.052352
4.452777722222222,2.0522757
4.454166611111111,2.0522947
4.4555555,2.0522757
4.456944388888889,2.0524092
4.458333277777777,2.0523901
4.459722166666666,2.0524855
4.4611110555555555,2.0523329
4.462499944444445,2.0525045
4.463888833333333,2.052371
4.465277722222222,2.0522375
4.466666611111111,2.0525045
4.4680555,2.0523329
4.469444388888888,2.0522947
4.4708332777777775,2.0524092
4.472222166666667,2.052371
4.473611055555556,2.0523138
4.474999944444444,2.0524092
4.476388833333333,2.0524282
4.477777722222222,2.052352
4.479166611111111,2.0523901
4.4805554999999995,2.0524282
4.481944388888889,2.052371
4.483333277777778,2.0524473
4.484722166666667,2.0524473
4.486111055555555,2.0524855
4.487499944444444,2.052352
4.488888833333333,2.0524092
4.490277722222222,2.0523329
4.491666611111111,2.0523138
4.4930555,2.0524282
4.494444388888889,2.052371
4.495833277777778,2.0523329
4.497222166666667,2.0523901
4.498611055555555,2.0525239
4.499999944444444,2.0523138
4.501388833333333,2.0524092
4.5027777222222225,2.0524282
4.504166611111111,2.0524092
4.5055555,2.0524282
4.506944388888889,2.052371
4.508333277777778,2.0523138
4.509722166666666,2.0524473
4.511111055555555,2.052371
4.5124999444444445,2.0522947
4.513888833333334,2.0524282
4.515277722222222,2.0524664
4.516666611111111,2.0522757
4.5180555,2.0524473
4.519444388888889,2.0524855
4.520833277777777,2.0524473
4.522222166666666,2.052352
4.5236110555555555,2.0524473
4.524999944444445,2.052371
4.526388833333333,2.0523901
4.527777722222222,2.0524092
4.529166611111111,2.0524664
4.5305555,2.0524282
4.531944388888888,2.0525045
4.5333332777777775,2.0523901
4.534722166666667,2.0523901
4.536111055555556,2.0524282
4.537499944444444,2.0524855
4.538888833333333,2.0524092
4.540277722222222,2.052562
4.541666611111111,2.052352
4.5430554999999995,2.0524664
4.544444388888889,2.0523901
4.545833277777778,2.0523901
4.547222166666667,2.0524473
4.548611055555555,2.0524855
4.549999944444444,2.0524855
4.551388833333334,2.0524855
4.552777722222222,2.0524664
4.554166611111111,2.0524664
4.5555555000000005,2.0525045
4.55694438888889,2.0525045
4.558333277777778,2.0524282
4.559722166666667,2.0525429
4.561111055555556,2.0524282
4.562499944444445,2.0524092
4.563888833333333,2.0524664
4.5652777222222225,2.0524282
4.566666611111112,2.0525239
4.568055500000001,2.0525045
4.569444388888889,2.0525045
4.570833277777778,2.0525045
4.572222166666667,2.0524092
4.573611055555556,2.0524664
4.5749999444444445,2.0525239
4.576388833333334,2.0525811
4.577777722222223,2.0524092
4.579166611111112,2.0525429
4.5805555,2.0525045
4.581944388888889,2.0526001
4.583333277777778,2.0524473
4.584722166666667,2.0525045
4.5861110555555555,2.052562
4.587499944444445,2.0524855
4.588888833333334,2.052562
4.590277722222223,2.0525045
4.591666611111111,2.0524664
4.5930555,2.0524282
4.594444388888889,2.0525239
4.595833277777778,2.0524282
4.5972221666666675,2.0524473
4.598611055555556,2.0525811
4.599999944444445,2.0525239
4.601388833333334,2.0524664
4.602777722222223,2.052562
4.604166611111111,2.0524282
4.6055555,2.0525045
4.6069443888888895,2.0525045
4.608333277777779,2.0524473
4.609722166666667,2.0525045
4.611111055555556,2.0525811
4.612499944444445,2.0525045
4.613888833333334,2.0525045
4.615277722222222,2.052562
4.616666611111111,2.0525045
4.6180555000000005,2.0524855
4.61944438888889,2.0524473
4.620833277777778,2.0525045
4.622222166666667,2.052352
4.623611055555556,2.0523901
4.624999944444445,2.0524664
4.626388833333333,2.0524855
4.6277777222222225,2.052562
4.629166611111112,2.0525045
4.630555500000001,2.0524282
4.631944388888889,2.0524855
4.633333277777778,2.0525045
4.634722166666667,2.0523901
4.636111055555556,2.0525045
4.6374999444444445,2.0526001
4.638888833333334,2.0526192
4.640277722222223,2.0526192
4.641666611111112,2.0524664
4.6430555,2.052562
4.644444388888889,2.0525045
4.645833277777778,2.0524855
4.647222166666667,2.0525045
4.6486110555555555,2.0525239
4.649999944444445,2.0524282
4.651388833333334,2.0525045
4.652777722222223,2.0527337
4.654166611111111,2.0525429
4.6555555,2.052562
4.656944388888889,2.052562
4.658333277777778,2.0525045
4.6597221666666675,2.0526574
4.661111055555556,2.0526383
4.662499944444445,2.0524664
4.663888833333334,2.0524855
4.665277722222223,2.0525239
4.666666611111111,2.0525045
4.6680555,2.0524855
4.6694443888888895,2.0525429
4.670833277777779,2.0525239
4.672222166666667,2.0525429
4.673611055555556,2.0526574
4.674999944444445,2.0526001
4.676388833333334,2.052562
4.677777722222222,2.0525811
4.679166611111111,2.0526955
4.6805555000000005,2.0525045
4.68194438888889,2.0525239
4.683333277777778,2.052562
4.684722166666667,2.0526383
4.686111055555556,2.0526001
4.687499944444445,2.0525045
4.688888833333333,2.0525811
4.6902777222222225,2.052562
4.691666611111112,2.0526192
4.693055500000001,2.0524282
4.694444388888889,2.0525239
4.695833277777778,2.0525239
4.697222166666667,2.0525239
4.698611055555556,2.0525429
4.6999999444444445,2.0525045
4.701388833333334,2.0524855
4.702777722222223,2.052562
4.704166611111112,2.0526001
4.7055555,2.0525811
4.706944388888889,2.0525429
4.708333277777778,2.0524664
4.709722166666667,2.052562
4.7111110555555555,2.0526192
4.712499944444445,2.0525045
4.713888833333334,2.0526192
4.715277722222223,2.0525429
4.716666611111111,2.0524855
4.7180555,2.052562
4.719444388888889,2.052562
4.720833277777778,2.052562
4.7222221666666675,2.0525811
4.723611055555556,2.0525429
4.724999944444445,2.052562
4.726388833333334,2.0526001
4.727777722222223,2.0524473
4.729166611111111,2.0526001
4.7305555,2.0526001
4.7319443888888895,2.0525429
4.733333277777779,2.0525811
4.734722166666667,2.0525811
4.736111055555556,2.0524664
4.737499944444445,2.0525239
4.738888833333334,2.0525811
4.740277722222222,2.0525429
4.741666611111111,2.0525239
4.7430555000000005,2.0525239
4.74444438888889,2.0525045
4.745833277777778,2.0525239
4.747222166666667,2.0524282
4.748611055555556,2.0525239
4.749999916666667,2.0525045
4.751388805555556,2.0525429
4.752777694444444,2.0524473
4.754166583333333,2.0525239
4.755555472222222,2.0526001
4.7569443611111115,2.0525045
4.75833325,2.0525429
4.759722138888889,2.0524664
4.761111027777778,2.0524855
4.762499916666667,2.0525045
4.763888805555555,2.0524855
4.765277694444444,2.0526001
4.7666665833333335,2.0524855
4.768055472222223,2.0525045
4.769444361111111,2.0526383
4.77083325,2.052562
4.772222138888889,2.0526574
4.773611027777778,2.0525429
4.774999916666666,2.0525045
4.7763888055555555,2.0525239
4.777777694444445,2.0525429
4.779166583333334,2.052562
4.780555472222222,2.0524855
4.781944361111111,2.0526192
4.78333325,2.0524855
4.784722138888889,2.0525429
4.786111027777778,2.0524664
4.7874999166666665,2.0525429
4.788888805555556,2.0525811
4.790277694444445,2.0527337
4.791666583333334,2.0526574
4.793055472222222,2.0525239
4.794444361111111,2.0524282
4.79583325,2.0524855
4.797222138888889,2.052562
4.798611027777778,2.0525239
4.799999916666667,2.0524855
4.801388805555556,2.0525429
4.802777694444445,2.0525045
4.804166583333333,2.0525811
4.805555472222222,2.052562
4.806944361111111,2.052562
4.8083332500000004,2.0524473
4.809722138888889,2.0525239
4.811111027777778,2.0524855
4.812499916666667,2.0525811
4.813888805555556,2.052562
4.815277694444444,2.052562
4.816666583333333,2.0524473
4.818055472222222,2.0525429
4.8194443611111115,2.0524282
4.82083325,2.0524855
4.822222138888889,2.0525045
4.823611027777778,2.0525239
4.824999916666667,2.052562
4.826388805555555,2.0525045
4.827777694444444,2.0524664
4.8291665833333335,2.0525239
4.830555472222223,2.0525239
4.831944361111111,2.0526192
4.83333325,2.0525811
4.834722138888889,2.0524855
4.836111027777778,2.0524855
4.837499916666666,2.052562
4.8388888055555555,2.0526574
4.840277694444445,2.0525239
4.841666583333334,2.052562
4.843055472222222,2.052562
4.844444361111111,2.0524473
4.84583325,2.0524282
4.847222138888889,2.0526192
4.848611027777778,2.052562
4.8499999166666665,2.0523901
4.851388805555556,2.0525045
4.852777694444445,2.0525811
4.854166583333334,2.0524092
4.855555472222222,2.0524664
4.856944361111111,2.0525045
4.85833325,2.0524855
4.859722138888889,2.0525045
4.861111027777778,2.0525239
4.862499916666667,2.052562
4.863888805555556,2.0524473
4.865277694444445,2.0525429
4.866666583333333,2.0526001
4.868055472222222,2.0526383
4.869444361111111,2.0525045
4.8708332500000004,2.0525811
4.872222138888889,2.052562
4.873611027777778,2.052371
4.874999916666667,2.0525429
4.876388805555556,2.0525429
4.877777694444444,2.0524664
4.879166583333333,2.0525811
4.880555472222222,2.0525429
4.8819443611111115,2.0525811
4.88333325,2.0526192
4.884722138888889,2.0525045
4.886111027777778,2.0524855
4.887499916666667,2.0523901
4.888888805555555,2.0525239
4.890277694444444,2.0524473
4.8916665833333335,2.0525239
4.893055472222223,2.0524473
4.894444361111111,2.0524092
4.89583325,2.0525045
4.897222138888889,2.0524092
4.898611027777778,2.0525811
4.899999916666666,2.0524855
4.9013888055555555,2.0524473
4.902777694444445,2.0525811
4.904166583333334,2.0524664
4.905555472222222,2.0526192
4.906944361111111,2.0524473
4.90833325,2.0524473
4.909722138888889,2.0524855
4.911111027777778,2.0525429
4.9124999166666665,2.052371
4.913888805555556,2.0524092
4.915277694444445,2.0525045
4.916666583333334,2.0524092
4.918055472222222,2.052371
4.919444361111111,2.0523901
4.92083325,2.0524664
4.922222138888889,2.0524092
4.923611027777778,2.0524473
4.924999916666667,2.0525045
4.926388805555556,2.052352
4.927777694444445,2.0524664
4.929166583333333,2.0524855
4.930555472222222,2.052352
4.931944361111111,2.0523901
4.9333332500000004,2.0524092
4.934722138888889,2.0524092
4.936111027777778,2.0524473
4.937499916666667,2.0523901
4.938888805555556,2.0524473
4.940277694444444,2.0523901
4.941666583333333,2.0523329
4.943055472222222,2.052371
4.9444443611111115,2.0524664
4.94583325,2.0523901
4.947222138888889,2.0522947
4.948611027777778,2.0524855
4.949999916666667,2.0524282
4.951388805555555,2.0524473
4.952777694444444,2.0525239
4.9541665833333335,2.0524855
4.955555472222223,2.0524282
4.956944361111111,2.0523901
4.95833325,2.0523901
4.959722138888889,2.052371
4.961111027777778,2.052562
4.962499916666666,2.0524092
4.9638888055555555,2.0524855
4.965277694444445,2.0524473
4.966666583333334,2.0524282
4.968055472222222,2.0524855
4.969444361111111,2.052371
4.97083325,2.0524092
4.972222138888889,2.0524092
4.973611027777778,2.0524473
4.9749999166666665,2.0524282
4.976388805555556,2.0524855
4.977777694444445,2.0523138
4.979166583333334,2.0525045
4.980555472222222,2.052352
4.981944361111111,2.0524855
4.98333325,2.0524282
4.984722138888889,2.0524855
4.986111027777778,2.0523138
4.987499916666667,2.0524282
4.988888805555556,2.0524282
4.990277694444445,2.0524092
4.991666583333333,2.0522947
4.993055472222222,2.0524473
4.994444361111111,2.0524282
4.9958332500000004,2.0524282
4.997222138888889,2.0525239
4.998611027777778,2.0524473
4.999999916666667,2.0523901
5.001388805555556,2.0524282
5.002777694444444,2.0523329
5.004166583333333,2.0523901
5.005555472222222,2.0524473
5.0069443611111115,2.0524664
5.00833325,2.052371
5.009722138888889,2.0524473
5.011111027777778,2.052371
5.012499916666667,2.052352
5.013888805555555,2.0524473
5.015277694444444,2.0522947
5.0166665833333335,2.0523901
5.018055472222223,2.0523329
5.019444361111111,2.0524092
5.02083325,2.0523901
5.022222138888889,2.0523138
5.023611027777778,2.0523901
5.024999916666666,2.0525045
5.0263888055555555,2.052371
5.027777694444445,2.0524664
5.029166583333334,2.0524092
5.030555472222222,2.052352
5.031944361111111,2.0523329
5.03333325,2.0524664
5.034722138888889,2.052371
5.036111027777778,2.0524473
5.0374999166666665,2.0524282
5.038888805555556,2.0524092
5.040277694444445,2.0523901
5.041666583333334,2.0522757
5.043055472222222,2.0523901
5.044444361111111,2.0524092
5.04583325,2.0523138
5.047222138888889,2.052352
5.048611027777778,2.0523138
5.049999916666667,2.052371
5.051388805555556,2.0524282
5.052777694444445,2.0523901
5.054166583333333,2.052352
5.055555472222222,2.0524664
5.056944361111111,2.0523138
5.0583332500000004,2.052352
5.059722138888889,2.0522757
5.061111027777778,2.052352
5.062499916666667,2.0522947
5.063888805555556,2.0523138
5.065277694444444,2.0522947
5.066666583333333,2.052352
5.068055472222222,2.052371
5.0694443611111115,2.0523901
5.07083325,2.0522375
5.072222138888889,2.0523138
5.073611027777778,2.0522375
5.074999916666667,2.0522757
5.076388805555555,2.0523138
5.077777694444444,2.0522375
5.0791665833333335,2.0522566
5.080555472222223,2.0522566
5.081944361111111,2.0522947
5.08333325,2.0522566
5.084722138888889,2.0521994
5.086111027777778,2.0523138
5.087499916666666,2.0521419
5.0888888055555555,2.0522184
5.090277694444445,2.0522184
5.091666583333334,2.0522566
5.093055472222222,2.0522757
5.094444361111111,2.0521994
5.09583325,2.0522947
5.097222138888889,2.0522375
5.098611027777778,2.0523329
5.0999999166666665,2.0522375
5.101388805555556,2.0523138
5.102777694444445,2.0522566
5.104166583333334,2.0523901
5.105555472222222,2.0522566
5.106944361111111,2.052161
5.10833325,2.0522184
5.109722138888889,2.0522757
5.111111027777778,2.052161
5.112499916666667,2.0522184
5.113888805555556,2.0521228
5.115277694444445,2.0521803
5.116666583333333,2.0521228
5.118055472222222,2.0522566
5.119444361111111,2.052352
5.1208332500000004,2.0522757
5.122222138888889,2.0522566
5.123611027777778,2.0522184
5.124999916666667,2.0522757
5.126388805555556,2.0521419
5.127777694444444,2.0522375
5.129166583333333,2.0521994
5.130555472222222,2.0521994
5.1319443611111115,2.0522566
5.13333325,2.0521419
5.134722138888889,2.0522375
5.136111027777778,2.0522375
5.137499916666667,2.0521419
5.138888805555555,2.0522184
5.140277694444444,2.0521994
5.1416665833333335,2.0520465
5.143055472222223,2.0521419
5.144444361111111,2.0520847
5.14583325,2.0521803
5.147222138888889,2.0521419
5.148611027777778,2.0522566
5.149999916666666,2.0521228
5.1513888055555555,2.0520847
5.152777694444445,2.0520847
5.154166583333334,2.0521419
5.155555472222222,2.0522566
5.156944361111111,2.0521419
5.15833325,2.0521228
5.159722138888889,2.0520275
5.161111027777778,2.0521419
5.1624999166666665,2.0521994
5.163888805555556,2.0521228
5.165277694444445,2.0521419
5.166666583333334,2.0521994
5.168055472222222,2.0521228
5.169444361111111,2.0521419
5.17083325,2.0521803
5.172222138888889,2.0520656
5.173611027777778,2.0520656
5.174999916666667,2.0521228
5.176388805555556,2.0521228
5.177777694444445,2.0520465
5.179166583333333,2.0521803
5.180555472222222,2.0521038
5.181944361111111,2.0520465
5.1833332500000004,2.0520656
5.184722138888889,2.0519702
5.186111027777778,2.0520275
5.187499916666667,2.0521038
5.188888805555556,2.0521228
5.190277694444444,2.0519893
5.191666583333333,2.0519893
5.193055472222222,2.0520656
5.1944443611111115,2.0521228
5.19583325,2.0520656
5.197222138888889,2.0520847
5.198611027777778,2.0519893
5.199999916666667,2.0520656
5.201388805555555,2.0520084
5.202777694444444,2.0520656
5.2041665833333335,2.0521228
5.205555472222223,2.0520275
5.206944361111111,2.0520847
5.20833325,2.0520465
5.209722138888889,2.0521038
5.211111027777778,2.0520465
5.212499916666666,2.0520275
5.2138888055555555,2.0520275
5.215277694444445,2.0520465
5.216666583333334,2.0519702
5.218055472222222,2.0520275
5.219444361111111,2.0520465
5.22083325,2.0520656
5.222222138888889,2.0519702
5.223611027777778,2.0519321
5.2249999166666665,2.0519702
5.226388805555556,2.0520084
5.227777694444445,2.0520084
5.229166583333334,2.0520275
5.230555472222222,2.0520465
5.231944361111111,2.051913
5.23333325,2.0519893
5.234722138888889,2.0519321
5.236111027777778,2.0519321
5.237499916666667,2.0520656
5.238888805555556,2.0519512
5.240277694444445,2.0519321
5.241666583333333,2.0519702
5.243055472222222,2.0518749
5.244444361111111,2.0518558
5.2458332500000004,2.0518558
5.247222138888889,2.0518939
5.248611027777778,2.0518749
5.249999916666667,2.0519512
5.251388805555556,2.0518365
5.252777694444444,2.0519321
5.254166583333333,2.0518749
5.255555472222222,2.0518558
5.2569443611111115,2.0517983
5.25833325,2.0519321
5.259722138888889,2.0518939
5.261111027777778,2.0518365
5.262499916666667,2.0519512
5.263888805555555,2.0518174
5.265277694444444,2.051913
5.2666665833333335,2.0519321
5.268055472222223,2.0519321
5.269444361111111,2.0518939
5.27083325,2.0518174
5.272222138888889,2.0518558
5.273611027777778,2.051913
5.274999916666666,2.0519321
5.2763888055555555,2.0518174
5.277777694444445,2.0518365
5.279166583333334,2.0518174
5.280555472222222,2.0518749
5.281944361111111,2.0517983
5.28333325,2.0518749
5.284722138888889,2.0518558
5.286111027777778,2.0517793
5.2874999166666665,2.0517411
5.288888805555556,2.0518174
5.290277694444445,2.0517411
5.291666583333334,2.0518939
5.293055472222222,2.0518365
5.294444361111111,2.0518174
5.29583325,2.0517602
5.297222138888889,2.0517411
5.298611027777778,2.0518365
5.299999916666667,2.0518174
5.301388805555556,2.051703
5.302777694444445,2.0516458
5.304166583333333,2.0517411
5.305555472222222,2.0517793
5.306944361111111,2.051722
5.3083332500000004,2.0518365
5.309722138888889,2.0518365
5.311111027777778,2.0518749
5.312499916666667,2.051722
5.313888805555556,2.0517602
5.315277694444444,2.0518365
5.316666583333333,2.0516839
5.318055472222222,2.051722
5.3194443611111115,2.0517983
5.32083325,2.0516648
5.322222138888889,2.0516839
5.323611027777778,2.0517411
5.324999916666667,2.051722
5.326388805555555,2.051703
5.327777694444444,2.0517602
5.3291665833333335,2.0516839
5.330555472222223,2.0517411
5.331944361111111,2.051722
5.33333325,2.0516648
5.334722138888889,2.0516458
5.336111027777778,2.0516267
5.337499916666666,2.0517411
5.3388888055555555,2.0515504
5.340277694444445,2.051722
5.341666583333334,2.051703
5.343055472222222,2.0515885
5.344444361111111,2.0516648
5.34583325,2.0516839
5.347222138888889,2.0516648
5.348611027777778,2.0517411
5.3499999166666665,2.0515504
5.351388805555556,2.0515695
5.352777694444445,2.0516267
5.354166583333334,2.0515504
5.355555472222222,2.0516267
5.356944361111111,2.051722
5.35833325,2.0515885
5.359722138888889,2.0515885
5.361111027777778,2.0515695
5.362499916666667,2.0516458
5.363888805555556,2.051703
5.365277694444445,2.0515695
5.366666583333333,2.0515504
5.368055472222222,2.0516076
5.369444361111111,2.0515695
5.3708332500000004,2.0515695
5.372222138888889,2.0515122
5.373611027777778,2.0515885
5.374999916666667,2.0514739
5.376388805555556,2.0515122
5.377777694444444,2.0515885
5.379166583333333,2.0514929
5.380555472222222,2.0515504
5.3819443611111115,2.0515504
5.38333325,2.0515122
5.384722138888889,2.0513976
5.386111027777778,2.0515885
5.387499916666667,2.0516076
5.388888805555555,2.0515313
5.390277694444444,2.0515122
5.3916665833333335,2.0514548
5.393055472222223,2.0514929
5.394444361111111,2.0514357
5.39583325,2.0514548
5.397222138888889,2.0513403
5.398611027777778,2.0513213
5.399999916666666,2.0513976
5.4013888055555555,2.0514548
5.402777694444445,2.0513403
5.404166583333334,2.0514739
5.405555472222222,2.0513785
5.406944361111111,2.0513022
5.40833325,2.0513785
5.409722138888889,2.0513022
5.411111027777778,2.0513213
5.4124999166666665,2.0513403
5.413888805555556,2.0513213
5.415277694444445,2.051264
5.416666583333334,2.0513022
5.418055472222222,2.0512259
5.419444361111111,2.0512068
5.42083325,2.0511878
5.422222138888889,2.0512259
5.423611027777778,2.0512831
5.424999916666667,2.0511684
5.426388805555556,2.051264
5.427777694444445,2.0513022
5.429166583333333,2.0511494
5.430555472222222,2.051245
5.431944361111111,2.0511303
5.4333332500000004,2.0512831
5.434722138888889,2.0510921
5.436111027777778,2.0512259
5.437499916666667,2.0510731
5.438888805555556,2.0511494
5.440277694444444,2.0511112
5.441666583333333,2.0511878
5.443055472222222,2.0512831
5.4444443611111115,2.0510921
5.44583325,2.0512068
5.447222138888889,2.0511684
5.448611027777778,2.051054
5.449999916666667,2.0510349
5.451388805555555,2.0510349
5.452777694444444,2.0510921
5.4541665833333335,2.0510349
5.455555472222223,2.051054
5.456944361111111,2.0511112
5.45833325,2.051054
5.459722138888889,2.0511878
5.461111027777778,2.0510921
5.462499916666666,2.0510159
5.4638888055555555,2.0511112
5.465277694444445,2.0511112
5.466666583333334,2.0510731
5.468055472222222,2.0511684
5.469444361111111,2.0511112
5.47083325,2.0509968
5.472222138888889,2.0510159
5.473611027777778,2.0510731
5.4749999166666665,2.0509968
5.476388805555556,2.0509396
5.477777694444445,2.0510349
5.479166583333334,2.0509396
5.480555472222222,2.0509586
5.481944361111111,2.0509586
5.48333325,2.0509014
5.484722138888889,2.0509586
5.486111027777778,2.0509968
5.487499916666667,2.0508442
5.488888805555556,2.0509968
5.490277694444445,2.0510349
5.491666583333333,2.0508058
5.493055472222222,2.0509396
5.494444361111111,2.0509396
5.4958332500000004,2.0508823
5.497222138888889,2.0508249
5.498611027777778,2.0508058
5.499999916666667,2.0509205
5.501388805555556,2.0508249
5.502777694444444,2.0508442
5.504166583333333,2.0509205
5.505555472222222,2.0508823
5.5069443611111115,2.0508633
5.50833325,2.0509205
5.509722138888889,2.0508633
5.511111027777778,2.0507867
5.512499916666667,2.0508442
5.513888805555555,2.0508058
5.515277694444444,2.0508249
5.5166665833333335,2.0507486
5.518055472222223,2.0507104
5.519444361111111,2.0507677
5.52083325,2.0508442
5.522222138888889,2.0508442
5.523611027777778,2.0506914
5.524999916666666,2.0507486
5.5263888055555555,2.0507677
5.527777694444445,2.0507867
5.529166583333334,2.0507104
5.530555472222222,2.0506532
5.531944361111111,2.0506914
5.53333325,2.0507295
5.534722138888889,2.0507486
5.536111027777778,2.0507677
5.5374999166666665,2.0506341
5.538888805555556,2.0506341
5.540277694444445,2.0506723
5.541666583333334,2.0508633
5.543055472222222,2.0506341
5.544444361111111,2.0507677
5.54583325,2.0507295
5.547222138888889,2.0506341
5.548611027777778,2.0506151
5.549999916666667,2.0505197
5.551388805555556,2.0506151
5.552777694444445,2.0507486
5.554166583333333,2.0505004
5.555555472222222,2.0505769
5.556944361111111,2.0506914
5.5583332500000004,2.050596
5.559722138888889,2.0505388
5.561111027777778,2.050596
5.562499916666667,2.0505579
5.563888805555556,2.0504622
5.565277694444444,2.0505579
5.566666583333333,2.050596
5.568055472222222,2.0506532
5.5694443611111115,2.0506341
5.57083325,2.0506151
5.572222138888889,2.0506532
5.573611027777778,2.0504813
5.574999916666667,2.0506341
5.576388805555555,2.0505579
5.577777694444444,2.0506341
5.5791665833333335,2.0505579
5.580555472222223,2.0504432
5.581944361111111,2.0504241
5.58333325,2.050405
5.584722138888889,2.0504432
5.586111027777778,2.0505197
5.587499916666666,2.0505388
5.5888888055555555,2.0505579
5.590277694444445,2.0503478
5.591666583333334,2.0504432
5.593055472222222,2.050405
5.594444361111111,2.0504241
5.59583325,2.0504813
5.597222138888889,2.0503287
5.598611027777778,2.0503669
5.5999999166666665,2.0503669
5.601388805555556,2.0504432
5.602777694444445,2.050405
5.604166583333334,2.050405
5.605555472222222,2.0503287
5.606944361111111,2.0503669
5.60833325,2.0503097
5.609722138888889,2.0503287
5.611111027777778,2.0503287
5.612499916666667,2.0502906
5.613888805555556,2.0504241
5.615277694444445,2.0503478
5.616666583333333,2.0502524
5.618055472222222,2.050386
5.619444361111111,2.0502524
5.6208332500000004,2.0501761
5.622222138888889,2.0503478
5.623611027777778,2.0502143
5.624999916666667,2.0501378
5.626388805555556,2.0501378
5.627777694444444,2.0501378
5.629166583333333,2.0502715
5.630555472222222,2.0503097
5.6319443611111115,2.0501952
5.63333325,2.0502334
5.634722138888889,2.0501761
5.636111027777778,2.0502334
5.637499916666667,2.0501378
5.638888805555555,2.0500615
5.640277694444444,2.0501187
5.6416665833333335,2.0500805
5.643055472222223,2.0503097
5.644444361111111,2.0501187
5.64583325,2.0500996
5.647222138888889,2.0502334
5.648611027777778,2.0501568
5.649999916666666,2.0501952
5.6513888055555555,2.0501568
5.652777694444445,2.0502524
5.654166583333334,2.0501378
5.655555472222222,2.0501952
5.656944361111111,2.0501378
5.65833325,2.0500996
5.659722138888889,2.0501952
5.661111027777778,2.0501378
5.6624999166666665,2.0500805
5.663888805555556,2.0500233
5.665277694444445,2.0501378
5.666666583333334,2.0501952
5.668055472222222,2.0500424
5.669444361111111,2.0500996
5.67083325,2.0500042
5.672222138888889,2.0500615
5.673611027777778,2.0500615
5.674999916666667,2.0500615
5.676388805555556,2.0500805
5.677777694444445,2.0500042
5.679166583333333,2.0500424
5.680555472222222,2.0500042
5.681944361111111,2.0501378
5.6833332500000004,2.0500805
5.684722138888889,2.0500042
5.686111027777778,2.0500424
5.687499916666667,2.0500615
5.688888805555556,2.049947
5.690277694444444,2.049947
5.691666583333333,2.049947
5.693055472222222,2.0500424
5.6944443611111115,2.0500042
5.69583325,2.0500615
5.697222138888889,2.0500424
5.698611027777778,2.0499089
5.699999916666667,2.0498707
5.701388805555555,2.0499279
5.702777694444444,2.0499852
5.7041665833333335,2.0499279
5.705555472222223,2.0498323
5.706944361111111,2.0499089
5.70833325,2.0497942
5.709722138888889,2.0498517
5.711111027777778,2.0498707
5.712499916666666,2.049947
5.7138888055555555,2.0499279
5.715277694444445,2.0498323
5.716666583333334,2.0498517
5.718055472222222,2.0498517
5.719444361111111,2.0498517
5.72083325,2.0498707
5.722222138888889,2.0498323
5.723611027777778,2.0498707
5.7249999166666665,2.0497942
5.726388805555556,2.0499279
5.727777694444445,2.0498323
5.729166583333334,2.0497942
5.730555472222222,2.0498133
5.731944361111111,2.0498517
5.73333325,2.0498898
5.734722138888889,2.0497179
5.736111027777778,2.0497942
5.737499916666667,2.0497751
5.738888805555556,2.0496988
5.740277694444445,2.0496798
5.741666583333333,2.049737
5.743055472222222,2.0495462
5.744444361111111,2.0496416
5.7458332500000004,2.0496035
5.747222138888889,2.0496225
5.748611027777778,2.0496416
5.749999916666667,2.0497179
5.751388805555556,2.0496035
5.752777694444444,2.0496225
5.754166583333333,2.0496416
5.755555472222222,2.0496416
5.7569443611111115,2.0496225
5.75833325,2.0496225
5.759722138888889,2.0496225
5.761111027777778,2.0496798
5.762499916666667,2.0496798
5.763888805555555,2.0494888
5.765277694444444,2.0495081
5.7666665833333335,2.0495844
5.768055472222223,2.0494888
5.769444361111111,2.0495462
5.77083325,2.0494316
5.772222138888889,2.0495462
5.773611027777778,2.0494506
5.774999916666666,2.0495081
5.7763888055555555,2.0493934
5.777777694444445,2.0496607
5.779166583333334,2.0494697
5.780555472222222,2.0493362
5.781944361111111,2.0493934
5.78333325,2.0493362
5.784722138888889,2.0494125
5.786111027777778,2.0494316
5.7874999166666665,2.0493553
5.788888805555556,2.0494316
5.790277694444445,2.0493934
5.791666583333334,2.0493362
5.793055472222222,2.0494316
5.794444361111111,2.0493553
5.79583325,2.0494125
5.797222138888889,2.0493171
5.798611027777778,2.0493171
5.799999916666667,2.0493362
5.801388805555556,2.0493553
5.802777694444445,2.049298
5.804166583333333,2.049279
5.805555472222222,2.049279
5.806944361111111,2.049298
5.8083332500000004,2.0493171
5.809722138888889,2.0492218
5.811111027777778,2.0491836
5.812499916666667,2.0492408
5.813888805555556,2.0491643
5.815277694444444,2.0492599
5.816666583333333,2.0491643
5.818055472222222,2.049279
5.8194443611111115,2.0492027
5.82083325,2.0492027
5.822222138888889,2.0491643
5.823611027777778,2.0491643
5.824999916666667,2.0491836
5.826388805555555,2.0491452
5.827777694444444,2.0491836
5.8291665833333335,2.0492027
5.830555472222223,2.0491643
5.831944361111111,2.0491836
5.83333325,2.0492599
5.834722138888889,2.0492218
5.836111027777778,2.0491261
5.837499916666666,2.0491261
5.8388888055555555,2.0490499
5.840277694444445,2.0490117
5.841666583333334,2.0490117
5.843055472222222,2.0491071
5.844444361111111,2.0490499
5.84583325,2.0489736
5.847222138888889,2.0489545
5.848611027777778,2.0490117
5.8499999166666665,2.0490689
5.851388805555556,2.0489736
5.852777694444445,2.0489545
5.854166583333334,2.0490117
5.855555472222222,2.0490117
5.856944361111111,2.0489163
5.85833325,2.0488591
5.859722138888889,2.0489354
5.861111027777778,2.0488973
5.862499916666667,2.0488973
5.863888805555556,2.0487826
5.865277694444445,2.0489354
5.866666583333333,2.0488017
5.868055472222222,2.0489545
5.869444361111111,2.04884
5.8708332500000004,2.0487635
5.872222138888889,2.0488591
5.873611027777778,2.04884
5.874999916666667,2.04884
5.876388805555556,2.04884
5.877777694444444,2.0487444
5.879166583333333,2.0488782
5.880555472222222,2.0488017
5.8819443611111115,2.0487635
5.88333325,2.0486109
5.884722138888889,2.0487444
5.886111027777778,2.0488207
5.887499916666667,2.0487444
5.888888805555555,2.0488207
5.890277694444444,2.0487063
5.8916665833333335,2.0486491
5.893055472222223,2.04863
5.894444361111111,2.0487063
5.89583325,2.0486872
5.897222138888889,2.0487635
5.898611027777778,2.0486681
5.899999916666666,2.0486681
5.9013888055555555,2.04863
5.902777694444445,2.0486491
5.904166583333334,2.0487254
5.905555472222222,2.0486491
5.906944361111111,2.0484965
5.90833325,2.0484772
5.909722138888889,2.0486491
5.911111027777778,2.0486491
5.9124999166666665,2.0485537
5.913888805555556,2.0485156
5.915277694444445,2.0485156
5.916666583333334,2.0485728
5.918055472222222,2.0485919
5.919444361111111,2.04863
5.92083325,2.0485346
5.922222138888889,2.0485728
5.923611027777778,2.0484581
5.924999916666667,2.04842
5.926388805555556,2.0484965
5.927777694444445,2.0485346
5.929166583333333,2.0484772
5.930555472222222,2.0483627
5.931944361111111,2.04842
5.9333332500000004,2.0484009
5.934722138888889,2.0484009
5.936111027777778,2.0483055
5.937499916666667,2.04842
5.938888805555556,2.04842
5.940277694444444,2.0483437
5.941666583333333,2.04842
5.943055472222222,2.0483246
5.9444443611111115,2.0483627
5.94583325,2.04842
5.947222138888889,2.0482483
5.948611027777778,2.0483055
5.949999916666667,2.0483818
5.951388805555555,2.0483055
5.952777694444444,2.0482674
5.9541665833333335,2.0483055
5.955555472222223,2.0483055
5.956944361111111,2.0482101
5.95833325,2.0482864
5.959722138888889,2.0481145
5.961111027777778,2.0481527
5.962499916666666,2.0481911
5.9638888055555555,2.0482101
5.965277694444445,2.0480955
5.966666583333334,2.0481145
5.968055472222222,2.0480955
5.969444361111111,2.0480573
5.97083325,2.0480573
5.972222138888889,2.0480764
5.973611027777778,2.0480573
5.9749999166666665,2.0481145
5.976388805555556,2.0480764
5.977777694444445,2.0481527
5.979166583333334,2.0480955
5.980555472222222,2.0480955
5.981944361111111,2.047981
5.98333325,2.0479238
5.984722138888889,2.047962
5.986111027777778,2.047981
5.987499916666667,2.0480001
5.988888805555556,2.0480764
5.990277694444445,2.0478475
5.991666583333333,2.0478091
5.993055472222222,2.0479429
5.994444361111111,2.0480001
5.9958332500000004,2.0480192
5.997222138888889,2.047771
5.998611027777778,2.0478666
5.999999916666667,2.047981
6.001388805555556,2.0479429
6.002777694444444,2.0478091
6.004166583333333,2.0478091
6.005555472222222,2.0478091
6.0069443611111115,2.0478475
6.00833325,2.0478091
6.009722138888889,2.0476947
6.011111027777778,2.047771
6.012499916666667,2.0477519
6.013888805555555,2.0478666
6.015277694444444,2.047771
6.0166665833333335,2.0477138
6.018055472222223,2.0477519
6.019444361111111,2.047771
6.02083325,2.047771
6.022222138888889,2.0476756
6.023611027777778,2.047771
6.024999916666666,2.0477138
6.0263888055555555,2.0477901
6.027777694444445,2.0476375
6.029166583333334,2.0476565
6.030555472222222,2.0476184
6.031944361111111,2.0477328
6.03333325,2.0476184
6.034722138888889,2.0476756
6.036111027777778,2.0475993
6.0374999166666665,2.0476756
6.038888805555556,2.0475612
6.040277694444445,2.0476375
6.041666583333334,2.0476565
6.043055472222222,2.047523
6.044444361111111,2.0474846
6.04583325,2.0475039
6.047222138888889,2.0474656
6.048611027777778,2.0474465
6.049999916666667,2.047523
6.051388805555556,2.0474846
6.052777694444445,2.0474274
6.054166583333333,2.0474656
6.055555472222222,2.047523
6.056944361111111,2.0475421
6.0583332500000004,2.0474274
6.059722138888889,2.0474274
6.061111027777778,2.0473893
6.062499916666667,2.0473702
6.063888805555556,2.0474274
6.065277694444444,2.0473511
6.066666583333333,2.0473511
6.068055472222222,2.0473511
6.0694443611111115,2.0474656
6.07083325,2.0474274
6.072222138888889,2.047313
6.073611027777778,2.0472558
6.074999916666667,2.0472176
6.076388805555555,2.0471985
6.077777694444444,2.0472939
6.0791665833333335,2.0472939
6.080555472222223,2.0472558
6.081944361111111,2.0472558
6.08333325,2.0472367
6.084722138888889,2.0471029
6.086111027777778,2.0471604
6.087499916666666,2.0471985
6.0888888055555555,2.047122
6.090277694444445,2.0471985
6.091666583333334,2.0471411
6.093055472222222,2.0471795
6.094444361111111,2.0470648
6.09583325,2.0469885
6.097222138888889,2.0470648
6.098611027777778,2.0470648
6.0999999166666665,2.0470266
6.101388805555556,2.0471029
6.102777694444445,2.0469885
6.104166583333334,2.0469503
6.105555472222222,2.0468931
6.106944361111111,2.0469122
6.10833325,2.0469313
6.109722138888889,2.0469503
6.111111027777778,2.0469885
6.112499916666667,2.0468359
6.113888805555556,2.046874
6.115277694444445,2.0470457
6.116666583333333,2.0469122
6.118055472222222,2.0468359
6.119444361111111,2.0468166
6.1208332500000004,2.046855
6.122222138888889,2.046855
6.123611027777778,2.0468931
6.124999916666667,2.0467784
6.126388805555556,2.046855
6.127777694444444,2.0467403
6.129166583333333,2.046874
6.130555472222222,2.0467975
6.1319443611111115,2.0467975
6.13333325,2.0466831
6.134722138888889,2.0467212
6.136111027777778,2.0467212
6.137499916666667,2.0466068
6.138888805555555,2.0466068
6.140277694444444,2.0466259
6.1416665833333335,2.0466259
6.143055472222223,2.0465877
6.144444361111111,2.046664
6.14583325,2.0466259
6.147222138888889,2.0465686
6.148611027777778,2.046473
6.149999916666666,2.0464158
6.1513888055555555,2.0465877
6.152777694444445,2.0465877
6.154166583333334,2.046473
6.155555472222222,2.0465686
6.156944361111111,2.0464923
6.15833325,2.0465305
6.159722138888889,2.0465305
6.161111027777778,2.0464158
6.1624999166666665,2.046454
6.163888805555556,2.046473
6.165277694444445,2.0463777
6.166666583333334,2.0463204
6.168055472222222,2.0463586
6.169444361111111,2.0463777
6.17083325,2.0461869
6.172222138888889,2.0463395
6.173611027777778,2.0463586
6.174999916666667,2.0463395
6.176388805555556,2.0462441
6.177777694444445,2.0461485
6.179166583333333,2.0461869
6.180555472222222,2.0462251
6.181944361111111,2.0461869
6.1833332500000004,2.0462823
6.184722138888889,2.046206
6.186111027777778,2.0462251
6.187499916666667,2.0461295
6.188888805555556,2.0461869
6.190277694444444,2.0461485
6.191666583333333,2.0461485
6.193055472222222,2.0461679
6.1944443611111115,2.0460913
6.19583325,2.0461485
6.197222138888889,2.0461104
6.198611027777778,2.0461104
6.199999916666667,2.0459769
6.201388805555555,2.046015
6.202777694444444,2.0459578
6.2041665833333335,2.0459197
6.205555472222223,2.046015
6.206944361111111,2.0459578
6.20833325,2.0459769
6.209722138888889,2.0459197
6.211111027777778,2.0458624
6.212499916666666,2.045805
6.2138888055555555,2.0458434
6.215277694444445,2.0459006
6.216666583333334,2.0458815
6.218055472222222,2.0457859
6.219444361111111,2.0457859
6.22083325,2.0457287
6.222222138888889,2.0459387
6.223611027777778,2.0458243
6.2249999166666665,2.0458624
6.226388805555556,2.0456905
6.227777694444445,2.0457859
6.229166583333334,2.0455952
6.230555472222222,2.0456333
6.231944361111111,2.0456905
6.23333325,2.0456715
6.234722138888889,2.0457287
6.236111027777778,2.0456524
6.237499916666667,2.0455761
6.238888805555556,2.0455761
6.240277694444445,2.0456524
6.241666583333333,2.0454998
6.243055472222222,2.0454998
6.244444361111111,2.0455952
6.2458332500000004,2.0455952
6.247222138888889,2.045557
6.248611027777778,2.0455189
6.249999916666667,2.0454805
6.251388805555556,2.0455189
6.252777694444444,2.0454423
6.254166583333333,2.0454614
6.255555472222222,2.045347
6.2569443611111115,2.045347
6.25833325,2.0453279
6.259722138888889,2.045366
6.261111027777778,2.0452898
6.262499916666667,2.0452898
6.263888805555555,2.0452325
6.265277694444444,2.0451944
6.2666665833333335,2.0451944
6.268055472222223,2.0453088
6.269444361111111,2.0451753
6.27083325,2.0451944
6.272222138888889,2.0451179
6.273611027777778,2.0451179
6.274999916666666,2.0450988
6.2763888055555555,2.0452325
6.277777694444445,2.0450606
6.279166583333334,2.0451369
6.280555472222222,2.0450988
6.281944361111111,2.0450606
6.28333325,2.0450225
6.284722138888889,2.0450606
6.286111027777778,2.0450416
6.2874999166666665,2.0449271
6.288888805555556,2.0450416
6.290277694444445,2.0449653
6.291666583333334,2.0448699
6.293055472222222,2.0450225
6.294444361111111,2.0449271
6.29583325,2.0449653
6.297222138888889,2.0447743
6.298611027777778,2.0447934
6.299999916666667,2.0447934
6.301388805555556,2.0448508
6.302777694444445,2.0448508
6.304166583333333,2.0448318
6.305555472222222,2.0447552
6.306944361111111,2.0448318
6.3083332500000004,2.0447552
6.309722138888889,2.0448127
6.311111027777778,2.0446408
6.312499916666667,2.0447361
6.313888805555556,2.0446026
6.315277694444444,2.044698
6.316666583333333,2.0446599
6.318055472222222,2.0446599
6.3194443611111115,2.044698
6.32083325,2.0445836
6.322222138888889,2.0446599
6.323611027777778,2.0446026
6.324999916666667,2.0446217
6.326388805555555,2.0445836
6.327777694444444,2.0445645
6.3291665833333335,2.0444307
6.330555472222223,2.0444117
6.331944361111111,2.0444882
6.33333325,2.0444307
6.334722138888889,2.0445073
6.336111027777778,2.0443544
6.337499916666666,2.0444882
6.3388888055555555,2.0443735
6.340277694444445,2.0443735
6.341666583333334,2.0444117
6.343055472222222,2.0443544
6.344444361111111,2.0443926
6.34583325,2.0443544
6.347222138888889,2.0442972
6.348611027777778,2.0443163
6.3499999166666665,2.0442781
6.351388805555556,2.0443354
6.352777694444445,2.0442019
6.354166583333334,2.0443163
6.355555472222222,2.0442019
6.356944361111111,2.0441446
6.35833325,2.0442781
6.359722138888889,2.0441637
6.361111027777778,2.04424
6.362499916666667,2.0440681
6.363888805555556,2.04403
6.365277694444445,2.0441253
6.366666583333333,2.0440681
6.368055472222222,2.0441637
6.369444361111111,2.0441253
6.3708332500000004,2.044049
6.372222138888889,2.0440872
6.373611027777778,2.0439727
6.374999916666667,2.0441062
6.376388805555556,2.0440681
6.377777694444444,2.044049
6.379166583333333,2.0439727
6.380555472222222,2.0439346
6.3819443611111115,2.0439346
6.38333325,2.0439155
6.384722138888889,2.0437818
6.386111027777778,2.0438583
6.387499916666667,2.0438964
6.388888805555555,2.0438583
6.390277694444444,2.0438964
6.3916665833333335,2.0438008
6.393055472222223,2.0438392
6.394444361111111,2.0437627
6.39583325,2.0438008
6.397222138888889,2.0437627
6.398611027777778,2.0437055
6.399999916666666,2.0437436
6.4013888055555555,2.0437245
6.402777694444445,2.0436482
6.404166583333334,2.0437436
6.405555472222222,2.0437245
6.406944361111111,2.0437055
6.40833325,2.0437245
6.409722138888889,2.0436292
6.411111027777778,2.043591
6.4124999166666665,2.0435529
6.413888805555556,2.0436101
6.415277694444445,2.0435529
6.416666583333334,2.0435719
6.418055472222222,2.0434382
6.419444361111111,2.0434766
6.42083325,2.0434957
6.422222138888889,2.0434573
6.423611027777778,2.0435147
6.424999916666667,2.0434382
6.426388805555556,2.043381
6.427777694444445,2.0435338
6.429166583333333,2.0434191
6.430555472222222,2.0434382
6.431944361111111,2.0434191
6.4333332500000004,2.043381
6.434722138888889,2.043381
6.436111027777778,2.043381
6.437499916666667,2.0433238
6.438888805555556,2.0433428
6.440277694444444,2.0432284
6.441666583333333,2.0432475
6.443055472222222,2.0433047
6.4444443611111115,2.0432665
6.44583325,2.0432284
6.447222138888889,2.0431712
6.448611027777778,2.0432856
6.449999916666667,2.0430946
6.451388805555555,2.0432284
6.452777694444444,2.0429993
6.4541665833333335,2.0431137
6.455555472222223,2.0430374
6.456944361111111,2.0429993
6.45833325,2.0430756
6.459722138888889,2.0430183
6.461111027777778,2.0430374
6.462499916666666,2.0429802
6.4638888055555555,2.0429802
6.465277694444445,2.042923
6.466666583333334,2.042923
6.468055472222222,2.042942
6.469444361111111,2.0428848
6.47083325,2.0429802
6.472222138888889,2.0428085
6.473611027777778,2.0426939
6.4749999166666665,2.0428085
6.476388805555556,2.0428467
6.477777694444445,2.0427892
6.479166583333334,2.0427701
6.480555472222222,2.0427701
6.481944361111111,2.0427129
6.48333325,2.042732
6.484722138888889,2.0426939
6.486111027777778,2.0427129
6.487499916666667,2.0426366
6.488888805555556,2.0427511
6.490277694444445,2.0426557
6.491666583333333,2.0425794
6.493055472222222,2.0425794
6.494444361111111,2.0425985
6.4958332500000004,2.0425603
6.497222138888889,2.0425222
6.498611027777778,2.0425222
6.499999916666667,2.0424647
6.501388805555556,2.0424075
6.502777694444444,2.0424647
6.504166583333333,2.0424647
6.505555472222222,2.0424266
6.5069443611111115,2.0423884
6.50833325,2.0424075
6.509722138888889,2.0424457
6.511111027777778,2.0423884
6.512499916666667,2.0423312
6.513888805555555,2.0423503
6.515277694444444,2.0422549
6.5166665833333335,2.0422931
6.518055472222223,2.042274
6.519444361111111,2.0421786
6.52083325,2.0421786
6.522222138888889,2.0421021
6.523611027777778,2.0422168
6.524999916666666,2.042064
6.5263888055555555,2.0422168
6.527777694444445,2.0421596
6.529166583333334,2.0421212
6.530555472222222,2.0421212
6.531944361111111,2.0419686
6.53333325,2.0419304
6.534722138888889,2.042083
6.536111027777778,2.0420067
6.5374999166666665,2.0420449
6.538888805555556,2.0419686
6.540277694444445,2.0419304
6.541666583333334,2.0419877
6.543055472222222,2.0418923
6.544444361111111,2.0419495
6.54583325,2.0419686
6.547222138888889,2.0418351
6.548611027777778,2.0417395
6.549999916666667,2.0417204
6.551388805555556,2.0418732
6.552777694444445,2.0416441
6.554166583333333,2.0417204
6.555555472222222,2.0418351
6.556944361111111,2.0417013
6.5583332500000004,2.0417395
6.559722138888889,2.0417585
6.561111027777778,2.0416822
6.562499916666667,2.041625
6.563888805555556,2.0416822
6.565277694444444,2.0415487
6.566666583333333,2.0415869
6.568055472222222,2.0415869
6.5694443611111115,2.0414724
6.57083325,2.0415106
6.572222138888889,2.041434
6.573611027777778,2.0415487
6.574999916666667,2.0414724
6.576388805555555,2.0414915
6.577777694444444,2.0413768
6.5791665833333335,2.0413387
6.580555472222223,2.0413578
6.581944361111111,2.041434
6.58333325,2.0413387
6.584722138888889,2.0412815
6.586111027777778,2.0412624
6.587499916666666,2.0413005
6.5888888055555555,2.0413005
6.590277694444445,2.0412052
6.591666583333334,2.041167
6.593055472222222,2.041167
6.594444361111111,2.041167
6.59583325,2.0411479
6.597222138888889,2.0411289
6.598611027777778,2.0411289
6.5999999166666665,2.0411289
6.601388805555556,2.041167
6.602777694444445,2.0411096
6.604166583333334,2.0411096
6.605555472222222,2.0410905
6.606944361111111,2.0410333
6.60833325,2.0410142
6.609722138888889,2.040957
6.611111027777778,2.0409188
6.612499916666667,2.0408616
6.613888805555556,2.0408998
6.615277694444445,2.0408616
6.616666583333333,2.040957
6.618055472222222,2.0408044
6.619444361111111,2.0408044
6.6208332500000004,2.0408616
6.622222138888889,2.0408616
6.623611027777778,2.040766
6.624999916666667,2.0406706
6.626388805555556,2.0408044
6.627777694444444,2.0407279
6.629166583333333,2.0406706
6.630555472222222,2.0407088
6.6319443611111115,2.0407088
6.63333325,2.040766
6.634722138888889,2.0406134
6.636111027777778,2.0406134
6.637499916666667,2.0404799
6.638888805555555,2.0406325
6.640277694444444,2.0405943
6.6416665833333335,2.0405371
6.643055472222223,2.040518
6.644444361111111,2.0405371
6.64583325,2.0404608
6.647222138888889,2.0404224
6.648611027777778,2.0404224
6.649999916666666,2.0404608
6.6513888055555555,2.0403652
6.652777694444445,2.0404799
6.654166583333334,2.0404034
6.655555472222222,2.0402889
6.656944361111111,2.0402699
6.65833325,2.0403652
6.659722138888889,2.0402889
6.661111027777778,2.0402508
6.6624999166666665,2.0402508
6.663888805555556,2.0402699
6.665277694444445,2.0401745
6.666666583333334,2.0401363
6.668055472222222,2.0402508
6.669444361111111,2.040117
6.67083325,2.0399835
6.672222138888889,2.0401936
6.673611027777778,2.0401745
6.674999916666667,2.0400789
6.676388805555556,2.0399644
6.677777694444445,2.0400407
6.679166583333333,2.0400217
6.680555472222222,2.0399263
6.681944361111111,2.0398691
6.6833332500000004,2.0399263
6.684722138888889,2.0399072
6.686111027777778,2.0398691
6.687499916666667,2.0397928
6.688888805555556,2.0397353
6.690277694444444,2.0397928
6.691666583333333,2.0397544
6.693055472222222,2.0397544
6.6944443611111115,2.0397162
6.69583325,2.0397162
6.697222138888889,2.0397353
6.698611027777778,2.0396399
6.699999916666667,2.0397162
6.701388805555555,2.039659
6.702777694444444,2.0396018
6.7041665833333335,2.0396399
6.705555472222223,2.0396209
6.706944361111111,2.0395637
6.70833325,2.039659
6.709722138888889,2.0395064
6.711111027777778,2.0394874
6.712499916666666,2.0395255
6.7138888055555555,2.0394874
6.715277694444445,2.0392964
6.716666583333334,2.0393155
6.718055472222222,2.0393345
6.719444361111111,2.0393918
6.72083325,2.0392392
6.722222138888889,2.0393536
6.723611027777778,2.0392773
6.7249999166666665,2.039201
6.726388805555556,2.039201
6.727777694444445,2.0391438
6.729166583333334,2.0390863
6.730555472222222,2.038991
6.731944361111111,2.0390673
6.73333325,2.0391054
6.734722138888889,2.0390673
6.736111027777778,2.0390673
6.737499916666667,2.0390482
6.738888805555556,2.0390291
6.740277694444445,2.0390291
6.741666583333333,2.038991
6.743055472222222,2.0388765
6.744444361111111,2.0389147
6.7458332500000004,2.0388575
6.747222138888889,2.0388384
6.748611027777778,2.0387809
6.749999916666667,2.0388002
6.751388805555556,2.0386856
6.752777694444444,2.0387619
6.754166583333333,2.0386093
6.755555472222222,2.0387619
6.7569443611111115,2.038552
6.75833325,2.0386283
6.759722138888889,2.0385711
6.761111027777778,2.0386283
6.762499916666667,2.038533
6.763888805555555,2.0385902
6.765277694444444,2.038552
6.7666665833333335,2.0384567
6.768055472222223,2.0384183
6.769444361111111,2.0384948
6.77083325,2.0383611
6.772222138888889,2.0383992
6.773611027777778,2.0382848
6.774999916666666,2.0383229
6.7763888055555555,2.0383611
6.777777694444445,2.0382657
6.779166583333334,2.0382276
6.780555472222222,2.0382466
6.781944361111111,2.0382657
6.78333325,2.0381894
6.784722138888889,2.0382276
6.786111027777778,2.0382085
6.7874999166666665,2.0381513
6.788888805555556,2.0381322
6.790277694444445,2.0380175
6.791666583333334,2.0380175
6.793055472222222,2.0380366
6.794444361111111,2.0378458
6.79583325,2.0379794
6.797222138888889,2.0379031
6.798611027777778,2.0379412
6.799999916666667,2.0379031
6.801388805555556,2.0378268
6.802777694444445,2.0377502
6.804166583333333,2.037693
6.805555472222222,2.0378458
6.806944361111111,2.037674
6.8083332500000004,2.037693
6.809722138888889,2.0378077
6.811111027777778,2.0375786
6.812499916666667,2.037693
6.813888805555556,2.037693
6.815277694444444,2.0376167
6.816666583333333,2.0374832
6.818055472222222,2.0375595
6.8194443611111115,2.0375786
6.82083325,2.0373685
6.822222138888889,2.0373685
6.823611027777778,2.0373876
6.824999916666667,2.0372922
6.826388805555555,2.0371587
6.827777694444444,2.0371778
6.8291665833333335,2.0372541
6.830555472222223,2.0370822
6.831944361111111,2.0371778
6.83333325,2.0370059
6.834722138888889,2.0371587
6.836111027777778,2.0371013
6.837499916666666,2.0370631
6.8388888055555555,2.037044
6.840277694444445,2.0369868
6.841666583333334,2.0370631
6.843055472222222,2.037044
6.844444361111111,2.0368724
6.84583325,2.0368533
6.847222138888889,2.0368915
6.848611027777778,2.0368724
6.8499999166666665,2.0368533
6.851388805555556,2.0368152
6.852777694444445,2.0367196
6.854166583333334,2.0366433
6.855555472222222,2.0368342
6.856944361111111,2.0366814
6.85833325,2.036586
6.859722138888889,2.0366433
6.861111027777778,2.0365288
6.862499916666667,2.0364525
6.863888805555556,2.0365098
6.865277694444445,2.0363951
6.866666583333333,2.0364332
6.868055472222222,2.0364525
6.869444361111111,2.0363951
6.8708332500000004,2.0363569
6.872222138888889,2.0363188
6.873611027777778,2.0363379
6.874999916666667,2.0363569
6.876388805555556,2.0363379
6.877777694444444,2.0362616
6.879166583333333,2.036376
6.880555472222222,2.0362616
6.8819443611111115,2.0362616
6.88333325,2.0361853
6.884722138888889,2.036109
6.886111027777778,2.0362043
6.887499916666667,2.0361853
6.888888805555555,2.0360134
6.890277694444444,2.0360324
6.8916665833333335,2.0359561
6.893055472222223,2.0359371
6.894444361111111,2.0360324
6.89583325,2.0358989
6.897222138888889,2.0358799
6.898611027777778,2.0358226
6.899999916666666,2.0358036
6.9013888055555555,2.0357652
6.902777694444445,2.0357845
6.904166583333334,2.0356889
6.905555472222222,2.0356698
6.906944361111111,2.0357461
6.90833325,2.035727
6.909722138888889,2.0356126
6.911111027777778,2.0354981
6.9124999166666665,2.0355554
6.913888805555556,2.0355744
6.915277694444445,2.0355744
6.916666583333334,2.0354409
6.918055472222222,2.0355172
6.919444361111111,2.0353072
6.92083325,2.0353835
6.922222138888889,2.0354025
6.923611027777778,2.0354025
6.924999916666667,2.035269
6.926388805555556,2.0352499
6.927777694444445,2.0351927
6.929166583333333,2.0351355
6.930555472222222,2.0352118
6.931944361111111,2.0351355
6.9333332500000004,2.035078
6.934722138888889,2.035059
6.936111027777778,2.0351164
6.937499916666667,2.0349827
6.938888805555556,2.0349255
6.940277694444444,2.0349255
6.941666583333333,2.0349255
6.943055472222222,2.0348682
6.9444443611111115,2.0348873
6.94583325,2.0348682
6.947222138888889,2.0347729
6.948611027777778,2.0348873
6.949999916666667,2.0347536
6.951388805555555,2.034601
6.952777694444444,2.0346582
6.9541665833333335,2.03462
6.955555472222223,2.0345628
6.956944361111111,2.03462
6.95833325,2.0345056
6.959722138888889,2.0345247
6.961111027777778,2.0344293
6.962499916666666,2.0344675
6.9638888055555555,2.0343909
6.965277694444445,2.03441
6.966666583333334,2.0342383
6.968055472222222,2.0343337
6.969444361111111,2.0342574
6.97083325,2.0342956
6.972222138888889,2.0343719
6.973611027777778,2.0342765
6.9749999166666665,2.034143
6.976388805555556,2.0340474
6.977777694444445,2.0340664
6.979166583333334,2.0340092
6.980555472222222,2.0338757
6.981944361111111,2.0340283
6.98333325,2.0339711
6.984722138888889,2.033952
6.986111027777778,2.0339711
6.987499916666667,2.0337994
6.988888805555556,2.033742
6.990277694444445,2.033742
6.991666583333333,2.033742
6.993055472222222,2.033742
6.994444361111111,2.0337038
6.9958332500000004,2.0336084
6.997222138888889,2.0336275
6.998611027777778,2.0335321
6.999999916666667,2.0335512
7.001388805555556,2.0334368
7.002777694444444,2.0334558
7.004166583333333,2.0333984
7.005555472222222,2.0334175
7.0069443611111115,2.033303
7.00833325,2.0332649
7.009722138888889,2.0332839
7.011111027777778,2.033303
7.012499916666667,2.0331123
7.013888805555555,2.0332649
7.015277694444444,2.0332267
7.0166665833333335,2.0331886
7.018055472222223,2.0331123
7.019444361111111,2.0331314
7.02083325,2.0330167
7.022222138888889,2.0329785
7.023611027777778,2.0330548
7.024999916666666,2.0329404
7.0263888055555555,2.0328832
7.027777694444445,2.032845
7.029166583333334,2.0329213
7.030555472222222,2.0327303
7.031944361111111,2.0327494
7.03333325,2.032654
7.034722138888889,2.0327878
7.036111027777778,2.0326922
7.037499888888888,2.032654
7.038888777777777,2.0325396
7.040277666666666,2.0324824
7.0416665555555555,2.032635
7.043055444444445,2.0324442
7.044444333333333,2.0325015
7.045833222222222,2.0324633
7.047222111111111,2.0323486
7.048611,2.0324059
7.049999888888888,2.0322533
7.0513887777777775,2.0323677
7.052777666666667,2.0322533
7.054166555555556,2.0321579
7.055555444444444,2.0322151
7.056944333333333,2.0320051
7.058333222222222,2.032196
7.059722111111111,2.0321388
7.0611109999999995,2.0320241
7.062499888888889,2.031986
7.063888777777778,2.0320051
7.065277666666667,2.0318906
7.066666555555555,2.0318334
7.068055444444444,2.0318143
7.069444333333333,2.0317378
7.070833222222222,2.0316424
7.0722221111111105,2.0317378
7.073611,2.0317187
7.074999888888889,2.0316997
7.076388777777778,2.0316043
7.077777666666666,2.0314708
7.079166555555555,2.031528
7.080555444444444,2.031528
7.081944333333333,2.0314326
7.083333222222222,2.031337
7.084722111111111,2.031337
7.086111,2.0312798
7.087499888888889,2.031337
7.088888777777777,2.0312607
7.090277666666666,2.0312035
7.091666555555555,2.0312226
7.0930554444444445,2.0312607
7.094444333333333,2.0310316
7.095833222222222,2.0308599
7.097222111111111,2.0307262
7.098611,2.0306118
7.099999888888888,2.0305545
7.101388777777777,2.0305164
7.102777666666666,2.0305927
7.1041665555555555,2.0305927
7.105555444444445,2.0305164
7.106944333333333,2.0305164
7.108333222222222,2.0304017
7.109722111111111,2.0303445
7.111111,2.030421
7.112499888888888,2.0304017
7.1138887777777775,2.0303445
7.115277666666667,2.0302873
7.116666555555556,2.0301919
7.118055444444444,2.030211
7.119444333333333,2.0300775
7.120833222222222,2.0300391
7.122222111111111,2.0301347
7.1236109999999995,2.0300965
7.124999888888889,2.03002
7.126388777777778,2.0299819
7.127777666666667,2.0298483
7.129166555555555,2.0299246
7.130555444444444,2.029772
7.131944333333333,2.029753
7.133333222222222,2.0297337
7.1347221111111105,2.0297337
7.136111027777778,2.0296001
7.137499916666667,2.0296383
7.138888805555555,2.0295238
7.140277694444444,2.0295238
7.1416665833333335,2.0294666
7.143055472222223,2.0294094
7.144444361111111,2.0294857
7.14583325,2.029371
7.147222138888889,2.0292757
7.148611027777778,2.0293329
7.149999916666666,2.0291612
7.1513888055555555,2.0292184
7.152777694444445,2.0292184
7.154166583333334,2.0291803
7.155555472222222,2.0291231
7.156944361111111,2.0290849
7.15833325,2.0290275
7.159722138888889,2.0288939
7.161111027777778,2.0289321
7.1624999166666665,2.0288939
7.163888805555556,2.0288939
7.165277694444445,2.0287795
7.166666583333334,2.028722
7.168055472222222,2.0286839
7.169444361111111,2.028703
7.17083325,2.0286076
7.172222138888889,2.0286458
7.173611027777778,2.0285313
7.174999916666667,2.0284741
7.176388805555556,2.0285695
7.177777694444445,2.0283594
7.179166583333333,2.0283403
7.180555472222222,2.0282831
7.181944361111111,2.0283022
7.1833332500000004,2.0281305
7.184722138888889,2.028245
7.186111027777778,2.0281687
7.187499916666667,2.0280349
7.188888805555556,2.0280349
7.190277694444444,2.0279014
7.191666583333333,2.0279968
7.193055472222222,2.0279205
7.1944443611111115,2.0277488
7.19583325,2.0278633
7.197222138888889,2.0277104
7.198611027777778,2.0277488
7.199999916666667,2.0276723
7.201388805555555,2.0276532
7.202777694444444,2.0276151
7.2041665833333335,2.0275197
7.205555472222223,2.0275006
7.206944361111111,2.0274243
7.20833325,2.0274816
7.209722138888889,2.0273097
7.211111027777778,2.0273478
7.212499916666666,2.0272334
7.2138888055555555,2.0272524
7.215277694444445,2.0270998
7.216666583333334,2.0269661
7.218055472222222,2.0270424
7.219444361111111,2.0268326
7.22083325,2.0268135
7.222222138888889,2.0268898
7.223611027777778,2.0267372
7.2249999166666665,2.0268135
7.226388805555556,2.0265653
7.227777694444445,2.0266416
7.229166583333334,2.0265462
7.230555472222222,2.026489
7.231944361111111,2.0264699
7.23333325,2.0264127
7.234722138888889,2.0264509
7.236111027777778,2.0264509
7.237499916666667,2.0263362
7.238888805555556,2.0261836
7.240277694444445,2.0261455
7.241666583333333,2.0260499
7.243055472222222,2.0261455
7.244444361111111,2.0260499
7.2458332500000004,2.0260499
7.247222138888889,2.0259545
7.248611027777778,2.0259736
7.249999916666667,2.0258973
7.251388805555556,2.0257447
7.252777694444444,2.0257447
7.254166583333333,2.0257256
7.255555472222222,2.02563
7.2569443611111115,2.0255537
7.25833325,2.0255537
7.259722138888889,2.0254393
7.261111027777778,2.0252864
7.262499916666667,2.0253246
7.263888805555555,2.0253437
7.265277694444444,2.0251338
7.2666665833333335,2.0252292
7.268055472222223,2.0251338
7.269444361111111,2.0250766
7.27083325,2.025172
7.272222138888889,2.0251529
7.273611027777778,2.0250766
7.274999916666666,2.0250576
7.2763888055555555,2.0249429
7.277777694444445,2.0249238
7.279166583333334,2.0248857
7.280555472222222,2.0248094
7.281944361111111,2.0247903
7.28333325,2.0246375
7.284722138888889,2.0246184
7.286111027777778,2.0245993
7.2874999166666665,2.0245802
7.288888805555556,2.0244658
7.290277694444445,2.0244086
7.291666583333334,2.0242939
7.293055472222222,2.0243895
7.294444361111111,2.0241413
7.29583325,2.0241795
7.297222138888889,2.0242176
7.298611027777778,2.0241795
7.299999916666667,2.0240076
7.301388805555556,2.0240076
7.302777694444445,2.0239503
7.304166583333333,2.023874
7.305555472222222,2.0237978
7.306944361111111,2.0237787
7.3083332500000004,2.0237215
7.309722138888889,2.0237021
7.311111027777778,2.0235686
7.312499916666667,2.0234923
7.313888805555556,2.0235686
7.315277694444444,2.023416
7.316666583333333,2.0232823
7.318055472222222,2.0233014
7.3194443611111115,2.0233204
7.32083325,2.0232441
7.322222138888889,2.0231678
7.323611027777778,2.0230725
7.324999916666667,2.0230534
7.326388805555555,2.0229959
7.327777694444444,2.0229769
7.3291665833333335,2.0228815
7.330555472222223,2.0227289
7.331944361111111,2.0227671
7.33333325,2.0226715
7.334722138888889,2.0225952
7.336111027777778,2.0226333
7.337499916666666,2.0224617
7.3388888055555555,2.022366
7.340277694444445,2.0223854
7.341666583333334,2.0222325
7.343055472222222,2.0222135
7.344444361111111,2.0221753
7.34583325,2.0220609
7.347222138888889,2.0220418
7.348611027777778,2.0218318
7.3499999166666665,2.0219843
7.351388805555556,2.0218699
7.352777694444445,2.0218699
7.354166583333334,2.021698
7.355555472222222,2.0215836
7.356944361111111,2.0215263
7.35833325,2.0215454
7.359722138888889,2.0215073
7.361111027777778,2.0214119
7.362499916666667,2.0211446
7.363888805555556,2.0210493
7.365277694444445,2.0210109
7.366666583333333,2.0169835
7.368055472222222,2.017041
7.369444361111111,2.0169454
7.3708332500000004,2.0167928
7.372222138888889,2.01685
7.373611027777778,2.0166781
7.374999916666667,2.0165446
7.376388805555556,2.0164492
7.377777694444444,2.0164492
7.379166583333333,2.0163538
7.380555472222222,2.0162773
7.3819443611111115,2.0161438
7.38333325,2.0160294
7.384722138888889,2.0160484
7.386111027777778,2.015991
7.387499916666667,2.0160103
7.388888805555555,2.0159338
7.390277694444444,2.0157049
7.3916665833333335,2.015743
7.393055472222223,2.015743
7.394444361111111,2.0155711
7.39583325,2.0156093
7.397222138888889,2.0154567
7.398611027777778,2.0154376
7.399999916666666,2.0153422
7.4013888055555555,2.0153229
7.402777694444445,2.0152085
7.404166583333334,2.0151322
7.405555472222222,2.0149603
7.406944361111111,2.0150368
7.40833325,2.014884
7.409722138888889,2.0147696
7.411111027777778,2.0148268
7.4124999166666665,2.0147505
7.413888805555556,2.0146549
7.415277694444445,2.0146358
7.416666583333334,2.0144641
7.418055472222222,2.0144641
7.419444361111111,2.0142541
7.42083325,2.0143113
7.422222138888889,2.0141587
7.423611027777778,2.0140634
7.424999916666667,2.0140634
7.426388805555556,2.0139105
7.427777694444445,2.0139678
7.429166583333333,2.0138915
7.430555472222222,2.0138342
7.431944361111111,2.0136623
7.4333332500000004,2.0137007
7.434722138888889,2.0134716
7.436111027777778,2.0134525
7.437499916666667,2.0133953
7.438888805555556,2.0132997
7.440277694444444,2.0132043
7.441666583333333,2.0130899
7.443055472222222,2.0131471
7.4444443611111115,2.0129561
7.44583325,2.0130136
7.447222138888889,2.0128608
7.448611027777778,2.0126507
7.449999916666667,2.01267
7.451388805555555,2.0125935
7.452777694444444,2.0125363
7.4541665833333335,2.0125363
7.455555472222223,2.0123837
7.456944361111111,2.0123456
7.45833325,2.0122118
7.459722138888889,2.0123456
7.461111027777778,2.0120783
7.462499916666666,2.0121164
7.4638888055555555,2.0119636
7.465277694444445,2.0119255
7.466666583333334,2.011811
7.468055472222222,2.0116584
7.469444361111111,2.0116584
7.47083325,2.0116775
7.472222138888889,2.011601
7.473611027777778,2.0115247
7.4749999166666665,2.0113339
7.476388805555556,2.0112956
7.477777694444445,2.011143
7.479166583333334,2.0111811
7.480555472222222,2.0111239
7.481944361111111,2.010952
7.48333325,2.0108376
7.484722138888889,2.0108376
7.486111027777778,2.0108185
7.487499916666667,2.0106659
7.488888805555556,2.0106084
7.490277694444445,2.0104558
7.491666583333333,2.0103986
7.493055472222222,2.0102077
7.494444361111111,2.0102077
7.4958332500000004,2.0101504
7.497222138888889,2.0100741
7.498611027777778,2.0099785
7.499999916666667,2.0098641
7.501388805555556,2.0096734
7.502777694444444,2.009635
7.504166583333333,2.0095396
7.505555472222222,2.0095015
7.5069443611111115,2.009387
7.50833325,2.009387
7.509722138888889,2.0093679
7.511111027777778,2.0093107
7.512499916666667,2.0090816
7.513888805555555,2.0089097
7.515277694444444,2.0090435
7.5166665833333335,2.0088906
7.518055472222223,2.0087953
7.519444361111111,2.008738
7.52083325,2.0086234
7.522222138888889,2.0084898
7.523611027777778,2.0084136
7.524999916666666,2.0083182
7.5263888055555555,2.0082798
7.527777694444445,2.0081463
7.529166583333334,2.0081463
7.530555472222222,2.0078981
7.531944361111111,2.0078981
7.53333325,2.0077264
7.534722138888889,2.0076501
7.536111027777778,2.0076692
7.5374999166666665,2.0075164
7.538888805555556,2.007421
7.540277694444445,2.0073638
7.541666583333334,2.0072491
7.543055472222222,2.00723
7.544444361111111,2.0071347
7.54583325,2.0070775
7.547222138888889,2.0069437
7.548611027777778,2.0069056
7.549999916666667,2.0067339
7.551388805555556,2.0067339
7.552777694444445,2.0066957
7.554166583333333,2.0065048
7.555555472222222,2.0063331
7.556944361111111,2.0063522
7.5583332500000004,2.0061994
7.559722138888889,2.0061994
7.561111027777778,2.0060277
7.562499916666667,2.0059512
7.563888805555556,2.0058939
7.565277694444444,2.0057986
7.566666583333333,2.0056841
7.568055472222222,2.0055885
7.5694443611111115,2.0055122
7.57083325,2.0054169
7.572222138888889,2.0053215
7.573611027777778,2.0052259
7.574999916666667,2.004997
7.576388805555555,2.0050733
7.577777694444444,2.004997
7.5791665833333335,2.0048823
7.580555472222223,2.0046344
7.581944361111111,2.0046725
7.58333325,2.0045006
7.584722138888889,2.0044434
7.586111027777778,2.004329
7.587499916666666,2.0043099
7.5888888055555555,2.0041571
7.590277694444445,2.0046344
7.591666583333334,2.0044816
7.593055472222222,2.004348
7.594444361111111,2.0037754
7.59583325,2.0042715
7.597222138888889,2.0037944
7.598611027777778,2.0036609
7.5999999166666665,2.0035272
7.601388805555556,2.0033555
7.602777694444445,2.0031836
7.604166583333334,2.0030882
7.605555472222222,2.0029738
7.606944361111111,2.00284
7.60833325,2.0027256
7.609722138888889,2.0026109
7.611111027777778,2.0024393
7.612499916666667,2.0024011
7.613888805555556,2.0022483
7.615277694444445,2.002172
7.616666583333333,2.0020003
7.618055472222222,2.0019431
7.619444361111111,2.001714
7.6208332500000004,2.0017521
7.622222138888889,2.0015802
7.623611027777778,2.0015421
7.624999916666667,2.0014658
7.626388805555556,2.0011985
7.627777694444444,2.0010841
7.629166583333333,2.0009696
7.630555472222222,2.0009696
7.6319443611111115,2.0008168
7.63333325,2.0007405
7.634722138888889,2.0005114
7.636111027777778,2.0004923
7.637499916666667,2.0004351
7.638888805555555,2.0001488
7.640277694444444,1.999977
7.6416665833333335,1.9999197
7.643055472222223,1.9999006
7.644444361111111,1.9997479
7.64583325,1.9996525
7.647222138888889,1.9995952
7.648611027777778,1.9994234
7.649999916666666,1.9992135
7.6513888055555555,1.9993089
7.652777694444445,1.9990798
7.654166583333334,1.9988508
7.655555472222222,1.9989271
7.656944361111111,1.9986218
7.65833325,1.9985454
7.659722138888889,1.9985073
7.661111027777778,1.9983736
7.6624999166666665,1.99824
7.663888805555556,1.9981828
7.665277694444445,1.998011
7.666666583333334,1.9979728
7.668055472222222,1.9977629
7.669444361111111,1.9978201
7.67083325,1.9976293
7.672222138888889,1.9976102
7.673611027777778,1.9973239
7.674999916666667,1.9971712
7.676388805555556,1.9972284
7.677777694444445,1.9969803
7.679166583333333,1.9969422
7.680555472222222,1.9967513
7.681944361111111,1.9966177
7.6833332500000004,1.996465
7.684722138888889,1.9963695
7.686111027777778,1.9962358
7.687499916666667,1.9961023
7.688888805555556,1.9959114
7.690277694444444,1.9958923
7.691666583333333,1.9957205
7.693055472222222,1.9956633
7.6944443611111115,1.9955297
7.69583325,1.9953197
7.697222138888889,1.9952052
7.698611027777778,1.9950525
7.699999916666667,1.9949189
7.701388805555555,1.9948235
7.702777694444444,1.9947662
7.7041665833333335,1.9945562
7.705555472222223,1.994499
7.706944361111111,1.9943463
7.70833325,1.9942126
7.709722138888889,1.9940982
7.711111027777778,1.9940599
7.712499916666666,1.9937354
7.7138888055555555,1.9936782
7.715277694444445,1.9935064
7.716666583333334,1.9934301
7.718055472222222,1.9931629
7.719444361111111,1.9931438
7.72083325,1.9930102
7.722222138888889,1.9928193
7.723611027777778,1.9925712
7.7249999166666665,1.9924185
7.726388805555556,1.9922467
7.727777694444445,1.9922085
7.729166583333334,1.9919986
7.730555472222222,1.9918077
7.731944361111111,1.9916359
7.73333325,1.9915595
7.734722138888889,1.9913877
7.736111027777778,1.9912351
7.737499916666667,1.9912733
7.738888805555556,1.9910824
7.740277694444445,1.9909488
7.741666583333333,1.9907389
7.743055472222222,1.9906625
7.744444361111111,1.9904716
7.7458332500000004,1.9903761
7.747222138888889,1.9900899
7.748611027777778,1.9900899
7.749999916666667,1.9898798
7.751388805555556,1.9898036
7.752777694444444,1.9896699
7.754166583333333,1.9894028
7.755555472222222,1.9893454
7.7569443611111115,1.9891546
7.75833325,1.98904
7.759722138888889,1.9888682
7.761111027777778,1.9886774
7.762499916666667,1.9886392
7.763888805555555,1.9884293
7.765277694444444,1.9883912
7.7666665833333335,1.9881811
7.768055472222223,1.9879903
7.769444361111111,1.9878376
7.77083325,1.9876658
7.772222138888889,1.9875321
7.773611027777778,1.9873604
7.774999916666666,1.987265
7.7763888055555555,1.9871123
7.777777694444445,1.9869596
7.779166583333334,1.9867115
7.780555472222222,1.9865588
7.781944361111111,1.9865015
7.78333325,1.9863297
7.784722138888889,1.9862152
7.786111027777778,1.9858907
7.7874999166666665,1.9857953
7.788888805555556,1.9856235
7.790277694444445,1.9854136
7.791666583333334,1.9851463
7.793055472222222,1.9850509
7.794444361111111,1.9849173
7.79583325,1.9847646
7.797222138888889,1.9846309
7.798611027777778,1.9844973
7.799999916666667,1.9842683
7.801388805555556,1.9841919
7.802777694444445,1.9840775
7.804166583333333,1.9837911
7.805555472222222,1.9836384
7.806944361111111,1.9836003
7.8083332500000004,1.9834094
7.809722138888889,1.9832376
7.811111027777778,1.9829894
7.812499916666667,1.9828941
7.813888805555556,1.9827032
7.815277694444444,1.9825314
7.816666583333333,1.982455
7.818055472222222,1.9823596
7.8194443611111115,1.9820733
7.82083325,1.9819397
7.822222138888889,1.9817679
7.823611027777778,1.9816343
7.824999916666667,1.9814434
7.826388805555555,1.9812716
7.827777694444444,1.9811189
7.8291665833333335,1.9809281
7.830555472222223,1.9807372
7.831944361111111,1.9806036
7.83333325,1.9804699
7.834722138888889,1.9802028
7.836111027777778,1.9802028
7.837499916666666,1.9799165
7.8388888055555555,1.9796683
7.840277694444445,1.9795729
7.841666583333334,1.9794583
7.843055472222222,1.9792675
7.844444361111111,1.9790385
7.84583325,1.9789811
7.847222138888889,1.9786949
7.848611027777778,1.9785613
7.8499999166666665,1.9784086
7.851388805555556,1.9782177
7.852777694444445,1.9780459
7.854166583333334,1.9778932
7.855555472222222,1.977645
7.856944361111111,1.9774923
7.85833325,1.9773779
7.859722138888889,1.9772061
7.861111027777778,1.9769579
7.862499916666667,1.9767671
7.863888805555556,1.9766717
7.865277694444445,1.9764807
7.866666583333333,1.9762708
7.868055472222222,1.9760799
7.869444361111111,1.9758509
7.8708332500000004,1.9758127
7.872222138888889,1.9755646
7.873611027777778,1.9754119
7.874999916666667,1.975221
7.876388805555556,1.9749728
7.877777694444444,1.9748584
7.879166583333333,1.9746485
7.880555472222222,1.9744958
7.8819443611111115,1.9742666
7.88333325,1.9740758
7.884722138888889,1.9739422
7.886111027777778,1.973675
7.887499916666667,1.9733696
7.888888805555555,1.9732741
7.890277694444444,1.9731978
7.8916665833333335,1.9728352
7.893055472222223,1.9727588
7.894444361111111,1.9726443
7.89583325,1.9723389
7.897222138888889,1.9722625
7.898611027777778,1.9721098
7.899999916666666,1.9718045
7.9013888055555555,1.9716135
7.902777694444445,1.9714036
7.904166583333334,1.9711937
7.905555472222222,1.9710982
7.906944361111111,1.970812
7.90833325,1.9705447
7.909722138888889,1.970392
7.911111027777778,1.970163
7.9124999166666665,1.9700866
7.913888805555556,1.9698957
7.915277694444445,1.9696094
7.916666583333334,1.9693804
7.918055472222222,1.9692467
7.919444361111111,1.969094
7.92083325,1.9688078
7.922222138888889,1.968636
7.923611027777778,1.9685024
7.924999916666667,1.9682733
7.926388805555556,1.9680061
7.927777694444445,1.9677389
7.929166583333333,1.9674717
7.930555472222222,1.9672617
7.931944361111111,1.9670899
7.9333332500000004,1.9669755
7.934722138888889,1.9666891
7.936111027777778,1.9665745
7.937499916666667,1.9663265
7.938888805555556,1.9660974
7.940277694444444,1.9659448
7.941666583333333,1.9656966
7.943055472222222,1.9595314
7.9444443611111115,1.9586153
7.94583325,1.9579091
7.947222138888889,1.9571646
7.948611027777778,1.9566112
7.949999916666667,1.9559622
7.951388805555555,1.9554468
7.952777694444444,1.9552941
7.9541665833333335,1.9548742
7.955555472222223,1.9544924
7.956944361111111,1.9539962
7.95833325,1.9534618
7.959722138888889,1.9531182
7.961111027777778,1.9526982
7.962499916666666,1.9521638
7.9638888055555555,1.9516675
7.965277694444445,1.9510568
7.966666583333334,1.9508277
7.968055472222222,1.9502933
7.969444361111111,1.9500452
7.97083325,1.9497017
7.972222138888889,1.9493008
7.973611027777778,1.9488618
7.9749999166666665,1.9485182
7.976388805555556,1.9482129
7.977777694444445,1.9479456
7.979166583333334,1.9475639
7.980555472222222,1.9472203
7.981944361111111,1.9469721
7.98333325,1.9467431
7.984722138888889,1.9464949
7.986111027777778,1.9461323
7.987499916666667,1.9481746
7.988888805555556,1.9464568
7.990277694444445,1.9534999
7.991666583333333,1.9536717
7.993055472222222,1.9467241
7.994444361111111,1.9459414
7.9958332500000004,1.9453498
7.997222138888889,1.9450444
7.998611027777778,1.9447199
7.999999916666667,1.9441855
8.001388805555555,1.9438037
8.002777694444445,1.9434792
8.004166583333333,1.944968
8.005555472222222,1.9437846
8.006944361111112,1.9430021
8.00833325,1.9426967
8.00972213888889,1.9422195
8.011111027777778,1.9419332
8.012499916666666,1.9414942
8.013888805555556,1.9410933
8.015277694444444,1.9408453
8.016666583333333,1.9405208
8.018055472222223,1.9402344
8.01944436111111,1.9398336
8.02083325,1.9396045
8.022222138888889,1.9391273
8.023611027777777,1.9389174
8.024999916666667,1.9386884
8.026388805555555,1.9382684
8.027777694444444,1.9381157
8.029166583333334,1.937734
8.030555472222222,1.9373904
8.031944361111112,1.9371232
8.03333325,1.9367415
8.034722138888888,1.9365315
8.036111027777778,1.9362833
8.037499916666667,1.9360162
8.038888805555557,1.9357489
8.040277694444445,1.9355199
8.041666583333333,1.9352717
8.043055472222223,1.9349091
8.044444361111111,1.934661
8.04583325,1.9343556
8.04722213888889,1.9341648
8.048611027777778,1.9337066
8.049999916666668,1.933573
8.051388805555556,1.9332294
8.052777694444444,1.9332104
8.054166583333334,1.9328477
8.055555472222222,1.9325805
8.05694436111111,1.9321606
8.05833325,1.9319698
8.059722138888889,1.9316262
8.061111027777779,1.9313971
8.062499916666667,1.9310535
8.063888805555555,1.9308054
8.065277694444445,1.9305191
8.066666583333333,1.9302328
8.068055472222222,1.9299656
8.069444361111112,1.9296983
8.07083325,1.929412
8.07222213888889,1.9291449
8.073611027777778,1.9288394
8.074999916666666,1.9285913
8.076388805555556,1.9284768
8.077777694444444,1.9280378
8.079166583333333,1.9277706
8.080555472222223,1.927637
8.08194436111111,1.9273125
8.08333325,1.9270834
8.084722138888889,1.9267398
8.086111027777777,1.926549
8.087499916666667,1.9262054
8.088888805555555,1.9257665
8.090277694444444,1.9255947
8.091666583333334,1.925442
8.093055472222222,1.925022
8.094444361111112,1.9248502
8.09583325,1.9245257
8.097222138888888,1.9242203
8.098611027777778,1.9230369
8.099999916666667,1.9224834
8.101388805555557,1.9220062
8.102777694444445,1.9216055
8.104166583333333,1.9212619
8.105555472222223,1.9209946
8.106944361111111,1.9206129
8.10833325,1.9200021
8.10972213888889,1.9196967
8.111111027777778,1.9194105
8.112499916666668,1.9192387
8.113888805555556,1.9188759
8.115277694444444,1.918666
8.116666583333334,1.9184942
8.118055472222222,1.9193914
8.11944436111111,1.9190669
8.12083325,1.9187424
8.122222138888889,1.9185897
8.123611027777779,1.9183606
8.124999916666667,1.9174445
8.126388805555555,1.9179217
8.127777694444445,1.9175398
8.129166583333333,1.9164329
8.130555472222222,1.9161274
8.131944361111112,1.9156693
8.13333325,1.9153258
8.13472213888889,1.9150203
8.136111027777778,1.9146577
8.137499916666666,1.9143715
8.138888805555556,1.9142569
8.140277694444444,1.913837
8.141666583333333,1.9137797
8.143055472222223,1.9133407
8.14444436111111,1.9130354
8.14583325,1.9127491
8.147222138888889,1.9125582
8.148611027777777,1.9122528
8.149999916666667,1.9120429
8.151388805555555,1.911852
8.152777694444444,1.9115275
8.154166583333334,1.9112412
8.155555472222222,1.9111075
8.156944361111112,1.9108021
8.15833325,1.9104967
8.159722138888888,1.9103059
8.161111027777778,1.9100769
8.162499916666667,1.9097142
8.163888805555557,1.9102868
8.165277694444445,1.9098479
8.166666583333333,1.9096187
8.168055472222223,1.9088171
8.169444361111111,1.9085308
8.17083325,1.9081299
8.17222213888889,1.9077673
8.173611027777778,1.9080727
8.174999916666668,1.9077673
8.176388805555556,1.9081873
8.177777694444444,1.9076527
8.179166583333334,1.9072901
8.180555472222222,1.9071757
8.18194436111111,1.9067175
8.18333325,1.9068129
8.184722138888889,1.9056295
8.186111027777779,1.9053624
8.187499916666667,1.9050951
8.188888805555555,1.9046562
8.190277694444445,1.9044461
8.191666583333333,1.9041599
8.193055472222222,1.9039308
8.194444361111112,1.9036063
8.19583325,1.9030528
8.19722213888889,1.9027665
8.198611027777778,1.9024038
8.199999916666666,1.9020984
8.201388805555556,1.9018885
8.202777694444444,1.9016404
8.204166583333333,1.9014113
8.205555472222223,1.9010868
8.20694436111111,1.9008769
8.20833325,1.9007051
8.209722138888889,1.9004761
8.211111027777777,1.9002279
8.212499916666667,1.8998271
8.213888805555555,1.8996171
8.215277694444444,1.8995408
8.216666583333334,1.8992354
8.218055472222222,1.8988537
8.219444361111112,1.8985292
8.22083325,1.8984146
8.222222138888888,1.8982238
8.223611027777778,1.897823
8.224999916666667,1.8977656
8.226388805555557,1.8974985
8.227777694444445,1.8974794
8.229166583333333,1.8971168
8.230555472222223,1.8966968
8.231944361111111,1.8964678
8.23333325,1.8961624
8.23472213888889,1.8959142
8.236111027777778,1.8956661
8.237499916666668,1.8954753
8.238888805555556,1.8951889
8.240277694444444,1.8947881
8.241666583333334,1.8946736
8.243055472222222,1.8942728
8.24444436111111,1.8941392
8.24583325,1.8939291
8.247222138888889,1.893662
8.248611027777779,1.8934138
8.249999916666667,1.8929367
8.251388805555555,1.8927076
8.252777694444445,1.8923831
8.254166583333333,1.8921541
8.255555472222222,1.8917724
8.256944361111112,1.8916197
8.25833325,1.891467
8.25972213888889,1.8910851
8.261111027777778,1.8907799
8.262499916666666,1.8904554
8.263888805555556,1.8903217
8.265277694444444,1.8901309
8.266666583333333,1.8896728
8.268055472222223,1.8895582
8.26944436111111,1.8893673
8.27083325,1.8892529
8.272222138888889,1.8887757
8.273611027777777,1.8886993
8.274999916666667,1.8884703
8.276388805555555,1.8881267
8.277777694444444,1.8880503
8.279166583333334,1.8876877
8.280555472222222,1.8873632
8.281944361111112,1.887096
8.28333325,1.8868288
8.284722138888888,1.8865998
8.286111027777778,1.886218
8.287499916666667,1.8861798
8.288888805555557,1.8858935
8.290277694444445,1.8857026
8.291666583333333,1.885359
8.293055472222223,1.8851682
8.294444361111111,1.8848628
8.29583325,1.8846338
8.29722213888889,1.8844048
8.298611027777778,1.8843093
8.299999916666668,1.8840612
8.301388805555556,1.8837749
8.302777694444444,1.8834695
8.304166583333334,1.8832977
8.305555472222222,1.8830496
8.30694436111111,1.8828777
8.30833325,1.8825533
8.309722138888889,1.8823624
8.311111027777779,1.8822097
8.312499916666667,1.8818089
8.313888805555555,1.8816371
8.315277694444445,1.8814272
8.316666583333333,1.8812172
8.318055472222222,1.8810836
8.319444361111112,1.8808545
8.32083325,1.8805109
8.32222213888889,1.8802819
8.323611027777778,1.8800337
8.324999916666666,1.8797094
8.326388805555556,1.8794993
8.327777694444444,1.8792322
8.329166583333333,1.8790604
8.330555472222223,1.8788122
8.33194436111111,1.8785641
8.33333325,1.8782778
8.334722138888889,1.8780869
8.336111027777777,1.8779151
8.337499916666667,1.8776288
8.338888805555555,1.8773807
8.340277694444444,1.8771516
8.341666583333334,1.8768845
8.343055472222222,1.8766744
8.344444361111112,1.8763882
8.34583325,1.8760828
8.347222138888888,1.8760064
8.348611027777778,1.8756628
8.349999916666667,1.875491
8.351388805555557,1.8751475
8.352777694444445,1.8749185
8.354166583333333,1.874842
8.355555472222223,1.8744413
8.356944361111111,1.8742504
8.35833325,1.8741741
8.35972213888889,1.8737732
8.361111027777778,1.8736587
8.362499916666668,1.8734297
8.363888805555556,1.8732579
8.365277694444444,1.8730289
8.366666583333334,1.8728762
8.368055472222222,1.8726853
8.36944436111111,1.8724371
8.37083325,1.8721508
8.372222138888889,1.8720745
8.373611027777779,1.8717691
8.374999916666667,1.8715019
8.376388805555555,1.8712919
8.377777694444445,1.8710819
8.379166583333333,1.8708339
8.380555472222222,1.8705857
8.381944361111112,1.870452
8.38333325,1.870204
8.38472213888889,1.8698604
8.386111027777778,1.8696886
8.387499916666666,1.8693641
8.388888805555556,1.8690969
8.390277694444444,1.8688869
8.391666583333333,1.8685625
8.393055472222223,1.8684479
8.39444436111111,1.8681998
8.39583325,1.8679899
8.397222138888889,1.8677417
8.398611027777777,1.8674936
8.399999916666667,1.8673218
8.401388805555555,1.8669974
8.402777694444444,1.8667873
8.404166583333334,1.8666155
8.405555472222222,1.8663293
8.406944361111112,1.8662338
8.40833325,1.8658712
8.409722138888888,1.8656039
8.411111027777778,1.8654131
8.412499916666667,1.8652031
8.413888805555557,1.8649549
8.415277694444445,1.864745
8.416666583333333,1.8646114
8.418055472222223,1.8643442
8.419444361111111,1.8640198
8.42083325,1.863867
8.42222213888889,1.8635998
8.423611027777778,1.8633517
8.424999916666668,1.863199
8.426388805555556,1.8629127
8.427777694444444,1.8626264
8.429166583333334,1.8623592
8.430555472222222,1.8621683
8.43194436111111,1.8619201
8.43333325,1.8617674
8.434722138888889,1.8615575
8.436111027777779,1.8613666
8.437499916666667,1.8611948
8.438888805555555,1.861004
8.440277694444445,1.8607749
8.441666583333333,1.8605459
8.443055472222222,1.8603169
8.444444361111112,1.8600496
8.44583325,1.8597633
8.44722213888889,1.8596679
8.448611027777778,1.8593625
8.449999916666666,1.8590952
8.451388805555556,1.8589426
8.452777694444444,1.8586372
8.454166583333333,1.8586372
8.455555472222223,1.8583318
8.45694436111111,1.8580836
8.45833325,1.8578546
8.459722138888889,1.8576256
8.461111027777777,1.8573011
8.462499916666667,1.8571103
8.463888805555555,1.8568048
8.465277694444444,1.856614
8.466666583333334,1.8564613
8.468055472222222,1.8562512
8.469444361111112,1.8560604
8.47083325,1.8556024
8.472222138888888,1.855526
8.473611027777778,1.8553542
8.474999916666667,1.8550488
8.476388805555557,1.854877
8.477777694444445,1.8546671
8.479166583333333,1.8544571
8.480555472222223,1.8542663
8.481944361111111,1.853999
8.48333325,1.8536555
8.48472213888889,1.8536555
8.486111027777778,1.8533119
8.487499916666668,1.8531401
8.488888805555556,1.8528347
8.490277694444444,1.852682
8.491666583333334,1.8524721
8.493055472222222,1.8521857
8.49444436111111,1.8520139
8.49583325,1.8518231
8.497222138888889,1.8515177
8.498611027777779,1.8513268
8.499999916666667,1.8511169
8.501388805555555,1.8509642
8.502777694444445,1.8506778
8.504166583333333,1.850487
8.505555472222222,1.8502197
8.506944361111112,1.8500289
8.50833325,1.8498571
8.50972213888889,1.8496662
8.511111027777778,1.8494182
8.512499916666666,1.8492464
8.513888805555556,1.848941
8.515277694444444,1.8486737
8.516666583333333,1.8483875
8.518055472222223,1.848292
8.51944436111111,1.8479484
8.52083325,1.8477576
8.522222138888889,1.8474903
8.523611027777777,1.8472422
8.524999916666667,1.8469368
8.526388805555555,1.8466314
8.527777694444444,1.8464596
8.529166583333334,1.8461924
8.530555472222222,1.8459634
8.531944361111112,1.8458297
8.53333325,1.8454289
8.534722138888888,1.8453716
8.536111027777778,1.845219
8.537499916666667,1.8449899
8.538888805555557,1.8447037
8.540277694444445,1.844551
8.541666583333333,1.8442837
8.543055472222223,1.8440547
8.544444361111111,1.8439783
8.54583325,1.8437302
8.54722213888889,1.8434248
8.548611027777778,1.8380804
8.549999916666668,1.8379849
8.551388805555556,1.8376796
8.552777694444444,1.8374124
8.554166583333334,1.8372024
8.555555472222222,1.837126
8.55694436111111,1.8367634
8.55833325,1.8364961
8.559722138888889,1.8364007
8.561111027777779,1.836248
8.562499916666667,1.8361335
8.563888805555555,1.8356181
8.565277694444445,1.8355037
8.566666583333333,1.8353701
8.568055472222222,1.8351983
8.569444361111112,1.8351219
8.57083325,1.8348547
8.57222213888889,1.834702
8.573611027777778,1.8345493
8.574999916666666,1.8342057
8.576388805555556,1.8339958
8.577777694444444,1.8338048
8.579166583333333,1.8336331
8.580555472222223,1.8332132
8.58194436111111,1.8331751
8.58333325,1.8329269
8.584722138888889,1.8326215
8.586111027777777,1.8325642
8.587499916666667,1.8324497
8.588888805555555,1.8321061
8.590277694444444,1.831858
8.591666583333334,1.8316672
8.593055472222222,1.8314381
8.594444361111112,1.8313618
8.59583325,1.8312472
8.597222138888888,1.8307891
8.598611027777778,1.8308274
8.599999916666667,1.8303311
8.601388805555557,1.8302928
8.602777694444445,1.8302165
8.604166583333333,1.829892
8.605555472222223,1.8296821
8.606944361111111,1.8294148
8.60833325,1.8293386
8.60972213888889,1.8290713
8.611111027777778,1.8288614
8.612499916666668,1.828346
8.613888805555556,1.8281742
8.615277694444444,1.8280025
8.616666583333334,1.8279834
8.618055472222222,1.827678
8.61944436111111,1.8273726
8.62083325,1.8270862
8.622222138888889,1.8269527
8.623611027777779,1.8268191
8.624999916666667,1.8267236
8.626388805555555,1.8263991
8.627777694444445,1.8263037
8.629166583333333,1.8260365
8.630555472222222,1.8258456
8.631944361111112,1.825731
8.63333325,1.8255211
8.63472213888889,1.8252921
8.636111027777778,1.8250058
8.637499916666666,1.8248149
8.638888805555556,1.8246241
8.640277694444444,1.8244714
8.641666583333333,1.8243949
8.643055472222223,1.824185
8.64444436111111,1.8240132
8.64583325,1.8236506
8.647222138888889,1.8234215
8.648611027777777,1.8233833
8.649999916666667,1.8232306
8.651388805555555,1.8229252
8.652777694444444,1.8227917
8.654166583333334,1.8226008
8.655555472222222,1.8224863
8.656944361111112,1.8221236
8.65833325,1.8220282
8.659722138888888,1.8218373
8.661111027777778,1.8215319
8.662499916666667,1.8213601
8.663888805555557,1.821112
8.665277694444445,1.8209211
8.666666583333333,1.8206158
8.668055472222223,1.820444
8.669444361111111,1.8202913
8.67083325,1.8201195
8.67222213888889,1.8199859
8.673611027777778,1.8197377
8.674999916666668,1.8196042
8.676388805555556,1.8194132
8.677777694444444,1.819127
8.679166583333334,1.8189552
8.680555472222222,1.8187451
8.68194436111111,1.8185161
8.68333325,1.8183825
8.684722138888889,1.8181726
8.686111027777779,1.8180199
8.687499916666667,1.8176763
8.688888805555555,1.8175236
8.690277694444445,1.8171991
8.691666583333333,1.8170847
8.693055472222222,1.8168555
8.694444361111112,1.8165884
8.69583325,1.8166838
8.69722213888889,1.8163784
8.698611027777778,1.8160348
8.699999916666666,1.8159966
8.701388805555556,1.8156531
8.702777694444444,1.8155385
8.704166583333333,1.8153477
8.705555472222223,1.8151377
8.70694436111111,1.814966
8.70833325,1.8147942
8.709722138888889,1.8144506
8.711111027777777,1.8143934
8.712499916666667,1.8141643
8.713888805555555,1.8139544
8.715277694444444,1.8138207
8.716666583333334,1.8136489
8.718055472222222,1.8133626
8.719444361111112,1.8132863
8.72083325,1.8131717
8.722222138888888,1.81279
8.723611027777778,1.8126945
8.724999916666667,1.8126564
8.726388805555557,1.8124083
8.727777694444445,1.8121411
8.729166583333333,1.8119502
8.730555472222223,1.8117975
8.731944361111111,1.8115302
8.73333325,1.8114921
8.73472213888889,1.8111676
8.736111027777778,1.8109577
8.737499916666668,1.810824
8.738888805555556,1.8104233
8.740277694444444,1.8104423
8.741666583333334,1.8103278
8.743055472222222,1.8101178
8.74444436111111,1.8099651
8.74583325,1.8097171
8.747222138888889,1.8094498
8.748611027777779,1.8092971
8.749999916666667,1.8091635
8.751388805555555,1.8089535
8.752777694444445,1.8088772
8.754166583333333,1.8086672
8.755555472222222,1.8085145
8.756944361111112,1.8082664
8.75833325,1.8080374
8.75972213888889,1.8078656
8.761111027777778,1.807732
8.762499916666666,1.8073884
8.763888805555556,1.807312
8.765277694444444,1.8071212
8.766666583333333,1.8070258
8.768055472222223,1.8065867
8.76944436111111,1.8064531
8.77083325,1.8063577
8.772222138888889,1.8060714
8.773611027777777,1.8059759
8.774999916666667,1.8058996
8.776388805555555,1.805537
8.777777694444444,1.8054987
8.779166583333334,1.8051934
8.780555472222222,1.8050216
8.781944361111112,1.8049643
8.78333325,1.8048307
8.784722138888888,1.8045444
8.786111027777778,1.8043917
8.787499916666667,1.8040673
8.788888805555557,1.8038764
8.790277694444445,1.8036282
8.791666583333333,1.8036091
8.793055472222223,1.8033611
8.794444361111111,1.803151
8.79583325,1.8031129
8.79722213888889,1.8029602
8.798611027777778,1.802693
8.799999916666668,1.8025403
8.801388805555556,1.8022921
8.802777694444444,1.802025
8.804166583333334,1.8019867
8.805555472222222,1.8017386
8.80694436111111,1.8014141
8.80833325,1.8013186
8.809722138888889,1.8012614
8.811111027777779,1.8011087
8.812499916666667,1.8008988
8.813888805555555,1.8007652
8.815277694444445,1.8005362
8.816666583333333,1.8003261
8.818055472222222,1.8001735
8.819444361111112,1.8000017
8.82083325,1.7996773
8.82222213888889,1.7996008
8.823611027777778,1.79941
8.824999916666666,1.7990283
8.826388805555556,1.7989901
8.827777694444444,1.7986847
8.829166583333333,1.7985129
8.830555472222223,1.7984747
8.83194436111111,1.7982457
8.83333325,1.798112
8.834722138888889,1.797883
8.836111027777777,1.7977113
8.837499916666667,1.7972913
8.838888805555555,1.7972531
8.840277694444444,1.7970623
8.841666583333334,1.7968142
8.843055472222222,1.7966424
8.844444361111112,1.7964897
8.84583325,1.796127
8.847222138888888,1.7961652
8.848611027777778,1.7960125
8.849999916666667,1.7957453
8.851388805555557,1.7955163
8.852777694444445,1.7954258
8.854166583333333,1.7951585
8.855555472222223,1.7951013
8.856944361111111,1.7947577
8.85833325,1.7947387
8.85972213888889,1.7945095
8.861111027777778,1.7944142
8.862499916666668,1.7942233
8.863888805555556,1.7939751
8.865277694444444,1.7938033
8.866666583333334,1.7935743
8.868055472222222,1.7934216
8.86944436111111,1.7931162
8.87083325,1.793059
8.872222138888889,1.7927154
8.873611027777779,1.7925818
8.874999916666667,1.7924482
8.876388805555555,1.7921809
8.877777694444445,1.7918183
8.879166583333333,1.7916083
8.880555472222222,1.7914366
8.881944361111112,1.7910739
8.88333325,1.7910166
8.88472213888889,1.790864
8.886111027777778,1.7905777
8.887499916666666,1.7906539
8.888888805555556,1.7903677
8.890277694444444,1.7902913
8.891666583333333,1.7901005
8.893055472222223,1.7897187
8.89444436111111,1.7895279
8.89583325,1.7892988
8.897222138888889,1.7891079
8.898611027777777,1.788898
8.899999916666667,1.7887453
8.901388805555555,1.7885354
8.902777694444444,1.7884399
8.904166583333334,1.7880772
8.905555472222222,1.7879436
8.906944361111112,1.7876955
8.90833325,1.7874283
8.909722138888888,1.7871802
8.911111027777778,1.7870847
8.912499916666667,1.7869129
8.913888805555557,1.7866457
8.915277694444445,1.7865121
8.916666583333333,1.7862639
8.918055472222223,1.7861876
8.919444361111111,1.7858249
8.92083325,1.7856531
8.92222213888889,1.785386
8.923611027777778,1.7852142
8.924999916666668,1.7849278
8.926388805555556,1.7848133
8.927777694444444,1.7845652
8.929166583333334,1.7843362
8.930555472222222,1.7841452
8.93194436111111,1.7839735
8.93333325,1.7837826
8.934722138888889,1.7836299
8.936111027777779,1.7833437
8.937499916666667,1.7831146
8.938888805555555,1.7828665
8.940277694444445,1.782771
8.941666583333333,1.7825801
8.943055472222222,1.7821794
8.944444361111112,1.7820076
8.94583325,1.7818549
8.94722213888889,1.781454
8.948611027777778,1.7813205
8.949999916666666,1.7810723
8.951388805555556,1.7809577
8.952777694444444,1.7808242
8.954166583333333,1.7804997
8.955555472222223,1.7801752
8.95694436111111,1.7801179
8.95833325,1.7797934
8.959722138888889,1.7795453
8.961111027777777,1.7793926
8.962499916666667,1.7791063
8.963888805555555,1.7789918
8.965277694444444,1.7786483
8.966666583333334,1.7784573
8.968055472222222,1.7782092
8.969444361111112,1.7779229
8.97083325,1.7776939
8.972222138888888,1.7775602
8.973611027777778,1.7771595
8.974999916666667,1.7768731
8.976388805555557,1.7769494
8.977777694444445,1.7764723
8.979166583333333,1.7763768
8.980555472222223,1.7760905
8.981944361111111,1.7758043
8.98333325,1.7754798
8.98472213888889,1.7751744
8.986111027777778,1.7752316
8.987499916666668,1.7747353
8.988888805555556,1.7745826
8.990277694444444,1.7742581
8.991666583333334,1.7740864
8.993055472222222,1.7738383
8.99444436111111,1.7737237
8.99583325,1.7734183
8.997222138888889,1.7730747
8.998611027777779,1.7728457
8.999999916666667,1.7725213
9.001388805555555,1.7721777
9.002777694444445,1.7720441
9.004166583333333,1.7717769
9.005555472222222,1.7715478
9.006944361111112,1.7711661
9.00833325,1.7708988
9.00972213888889,1.770708
9.011111027777778,1.7704216
9.012499916666666,1.7702117
9.013888805555556,1.7699827
9.015277694444444,1.7695627
9.016666583333333,1.7693719
9.018055472222223,1.7689711
9.01944436111111,1.7687802
9.02083325,1.7684748
9.022222138888889,1.7682076
9.023611027777777,1.7679595
9.024999916666667,1.7675586
9.026388805555555,1.7673105
9.027777694444444,1.7671196
9.029166583333334,1.7668905
9.030555472222222,1.7663752
9.031944361111112,1.7661653
9.03333325,1.7659172
9.034722138888888,1.7655927
9.036111027777778,1.7651918
9.037499916666667,1.7649246
9.038888805555557,1.7646765
9.040277694444445,1.7643329
9.041666583333333,1.7641039
9.043055472222223,1.7638557
9.044444361111111,1.7636076
9.04583325,1.7631876
9.04722213888889,1.7630159
9.048611027777778,1.7625005
9.049999916666668,1.7622334
9.051388805555556,1.7617753
9.052777694444444,1.7616416
9.054166583333334,1.761279
9.055555472222222,1.7608781
9.05694436111111,1.7605919
9.05833325,1.76021
9.059722138888889,1.7598665
9.061111027777779,1.7595993
9.062499916666667,1.7591603
9.063888805555555,1.7587214
9.065277694444445,1.7584541
9.066666583333333,1.7579769
9.068055472222222,1.7576524
9.069444361111112,1.7573279
9.07083325,1.7568507
9.07222213888889,1.7563736
9.073611027777778,1.7559918
9.074999916666666,1.7557628
9.076388805555556,1.7553811
9.077777694444444,1.7548466
9.079166583333333,1.7545221
9.080555472222223,1.7540832
9.08194436111111,1.753625
9.08333325,1.7532243
9.084722138888889,1.752728
9.086111027777777,1.7522317
9.087499916666667,1.7519072
9.088888805555555,1.7513537
9.090277694444444,1.7507811
9.091666583333334,1.7504184
9.093055472222222,1.7499412
9.094444361111112,1.7493877
9.09583325,1.7490823
9.097222138888888,1.7484524
9.098611027777778,1.7479943
9.099999916666667,1.7475172
9.101388805555557,1.7468683
9.102777694444445,1.7462956
9.104166583333333,1.7457993
9.105555472222223,1.7453794
9.106944361111111,1.7446733
9.10833325,1.7441006
9.10972213888889,1.743528
9.111111027777778,1.7429553
9.112499916666668,1.7424591
9.113888805555556,1.7419246
9.115277694444444,1.7412375
9.116666583333334,1.740665
9.118055472222222,1.7401878
9.11944436111111,1.7394242
9.12083325,1.7388707
9.122222138888889,1.7382982
9.123611027777779,1.7377828
9.124999916666667,1.7373056
9.126388805555555,1.7365993
9.127777694444445,1.7361031
9.129166583333333,1.7355305
9.130555472222222,1.7349197
9.131944361111112,1.7343471
9.13333325,1.7337936
9.13472213888889,1.7331637
9.136111027777778,1.7326674
9.137499916666666,1.7321521
9.138888805555556,1.7315222
9.140277694444444,1.7310069
9.141666583333333,1.7305297
9.143055472222223,1.7298807
9.14444436111111,1.7291745
9.14583325,1.7287164
9.147222138888889,1.7283156
9.148611027777777,1.727743
9.149999916666667,1.7271894
9.151388805555555,1.7267696
9.152777694444444,1.7263687
9.154166583333334,1.7257006
9.155555472222222,1.7252043
9.156944361111112,1.7248036
9.15833325,1.7242118
9.159722138888888,1.7237347
9.161111027777778,1.7231621
9.162499916666667,1.7227613
9.163888805555557,1.7223413
9.165277694444445,1.7219977
9.166666583333333,1.721387
9.168055472222223,1.7209098
9.169444361111111,1.7205472
9.17083325,1.7201463
9.17222213888889,1.7195356
9.173611027777778,1.7192492
9.174999916666668,1.7188483
9.176388805555556,1.7183713
9.177777694444444,1.7180659
9.179166583333334,1.7178177
9.180555472222222,1.717455
9.18194436111111,1.717207
9.18333325,1.7166533
9.184722138888889,1.7161953
9.186111027777779,1.7159281
9.187499916666667,1.7155654
9.188888805555555,1.7150501
9.190277694444445,1.7147065
9.191666583333333,1.714363
9.193055472222222,1.7139049
9.194444361111112,1.7137903
9.19583325,1.7133323
9.19722213888889,1.7132368
9.198611027777778,1.7126642
9.199999916666666,1.7125115
9.201388805555556,1.7119962
9.202777694444444,1.7116334
9.204166583333333,1.7113281
9.205555472222223,1.7110227
9.20694436111111,1.7109654
9.20833325,1.7106218
9.209722138888889,1.7102783
9.211111027777777,1.7100302
9.212499916666667,1.7095721
9.213888805555555,1.709553
9.215277694444444,1.7090377
9.216666583333334,1.7086941
9.218055472222222,1.7084459
9.219444361111112,1.7080451
9.22083325,1.7079687
9.222222138888888,1.7077397
9.223611027777778,1.7073389
9.224999916666667,1.7072244
9.226388805555557,1.7069954
9.227777694444445,1.7067853
9.229166583333333,1.7065372
9.230555472222223,1.7063273
9.231944361111111,1.7060982
9.23333325,1.7056402
9.23472213888889,1.7047621
9.236111027777778,1.7043422
9.237499916666668,1.7040559
9.238888805555556,1.7037696
9.240277694444444,1.7034833
9.241666583333334,1.7032351
9.243055472222222,1.7029297
9.24444436111111,1.702777
9.24583325,1.7025862
9.247222138888889,1.7023762
9.248611027777779,1.7019564
9.249999916666667,1.7017846
9.251388805555555,1.7015936
9.252777694444445,1.7012691
9.254166583333333,1.7012501
9.255555472222222,1.7009829
9.256944361111112,1.7006011
9.25833325,1.700563
9.25972213888889,1.7002575
9.261111027777778,1.7002003
9.262499916666666,1.6998758
9.263888805555556,1.6997613
9.265277694444444,1.6995895
9.266666583333333,1.6993223
9.268055472222223,1.6991696
9.26944436111111,1.6990741
9.27083325,1.6988833
9.272222138888889,1.6986924
9.273611027777777,1.6983298
9.274999916666667,1.6984444
9.276388805555555,1.698158
9.277777694444444,1.6978717
9.279166583333334,1.697719
9.280555472222222,1.6975281
9.281944361111112,1.6973563
9.28333325,1.69728
9.284722138888888,1.6971464
9.286111027777778,1.6969173
9.287499916666667,1.6965165
9.288888805555557,1.6964593
9.290277694444445,1.6962302
9.291666583333333,1.6960393
9.293055472222223,1.6958675
9.294444361111111,1.6957148
9.29583325,1.6953713
9.29722213888889,1.6951995
9.298611027777778,1.6952186
9.299999916666668,1.6946841
9.301388805555556,1.6947223
9.302777694444444,1.694417
9.304166583333334,1.6943406
9.305555472222222,1.6942643
9.30694436111111,1.6940352
9.30833325,1.6938825
9.309722138888889,1.6938252
9.311111027777779,1.6936535
9.312499916666667,1.693329
9.313888805555555,1.6934626
9.315277694444445,1.6931
9.316666583333333,1.6929473
9.318055472222222,1.6928709
9.319444361111112,1.6927755
9.32083325,1.692451
9.32222213888889,1.6923746
9.323611027777778,1.6922028
9.324999916666666,1.6920693
9.326388805555556,1.6919547
9.327777694444444,1.6917639
9.329166583333333,1.6916112
9.330555472222223,1.6916493
9.33194436111111,1.6913439
9.33333325,1.6912867
9.334722138888889,1.6910958
9.336111027777777,1.6910576
9.337499916666667,1.6910003
9.338888805555555,1.6906949
9.340277694444444,1.6906377
9.341666583333334,1.6905231
9.343055472222222,1.6904659
9.344444361111112,1.6901796
9.34583325,1.690046
9.347222138888888,1.6901033
9.348611027777778,1.689836
9.349999916666667,1.6898551
9.351388805555557,1.6897788
9.352777694444445,1.6894925
9.354166583333333,1.6893398
9.355555472222223,1.6892825
9.356944361111111,1.688958
9.35833325,1.6889771
9.35972213888889,1.688939
9.361111027777778,1.6886908
9.362499916666668,1.6885763
9.363888805555556,1.6884046
9.365277694444444,1.6882519
9.366666583333334,1.6881564
9.368055472222222,1.6880418
9.36944436111111,1.6879846
9.37083325,1.6879083
9.372222138888889,1.6877174
9.373611027777779,1.687641
9.374999916666667,1.6875457
9.376388805555555,1.6873738
9.377777694444445,1.6872402
9.379166583333333,1.686992
9.380555472222222,1.6870494
9.381944361111112,1.6868776
9.38333325,1.6867821
9.38472213888889,1.6867821
9.386111027777778,1.6865722
9.387499916666666,1.6864195
9.388888805555556,1.6864004
9.390277694444444,1.6862859
9.391666583333333,1.6861904
9.393055472222223,1.6859804
9.39444436111111,1.6860378
9.39583325,1.6858277
9.397222138888889,1.6856941
9.398611027777777,1.6854842
9.399999916666667,1.6852933
9.401388805555555,1.6852552
9.402777694444444,1.6850452
9.404166583333334,1.6850834
9.405555472222222,1.6851788
9.406944361111112,1.6849879
9.40833325,1.684797
9.409722138888888,1.6847208
9.411111027777778,1.6846062
9.412499916666667,1.6845107
9.413888805555557,1.684358
9.415277694444445,1.6841671
9.416666583333333,1.6841671
9.418055472222223,1.6841099
9.419444361111111,1.6838427
9.42083325,1.6837473
9.42222213888889,1.6836518
9.423611027777778,1.6834228
9.424999916666668,1.6834991
9.426388805555556,1.6832892
9.427777694444444,1.6831174
9.429166583333334,1.6830792
9.430555472222222,1.6831365
9.43194436111111,1.6828501
9.43333325,1.682831
9.434722138888889,1.6826402
9.436111027777779,1.6822394
9.437499916666667,1.6823348
9.438888805555555,1.6823348
9.440277694444445,1.6819721
9.441666583333333,1.6818768
9.443055472222222,1.6819531
9.444444361111112,1.6817241
9.44583325,1.6815714
9.44722213888889,1.6816095
9.448611027777778,1.6813996
9.449999916666666,1.6814759
9.451388805555556,1.6812087
9.452777694444444,1.6810942
9.454166583333333,1.6809796
9.455555472222223,1.6808652
9.45694436111111,1.6808269
9.45833325,1.6807315
9.459722138888889,1.6805788
9.461111027777777,1.6805024
9.462499916666667,1.6804643
9.463888805555555,1.6802925
9.465277694444444,1.6801971
9.466666583333334,1.6802353
9.468055472222222,1.6800826
9.469444361111112,1.6800444
9.47083325,1.6796626
9.472222138888888,1.6796435
9.473611027777778,1.6795672
9.474999916666667,1.6793954
9.476388805555557,1.6794336
9.477777694444445,1.6792427
9.479166583333333,1.67909
9.480555472222223,1.6789564
9.481944361111111,1.6788801
9.48333325,1.6788228
9.48472213888889,1.6789182
9.486111027777778,1.6785365
9.487499916666668,1.6785556
9.488888805555556,1.678441
9.490277694444444,1.678441
9.491666583333334,1.6782502
9.493055472222222,1.6780784
9.49444436111111,1.6779829
9.49583325,1.6778876
9.497222138888889,1.6778111
9.498611027777779,1.6777921
9.499999916666667,1.6776776
9.501388805555555,1.6776584
9.502777694444445,1.677544
9.504166583333333,1.6773149
9.505555472222222,1.6771431
9.506944361111112,1.6771431
9.50833325,1.6769904
9.50972213888889,1.6769141
9.511111027777778,1.6769141
9.512499916666666,1.6767423
9.513888805555556,1.6767423
9.515277694444444,1.6764178
9.516666583333333,1.676475
9.518055472222223,1.6764942
9.51944436111111,1.6762079
9.52083325,1.6761315
9.522222138888889,1.676227
9.523611027777777,1.6759788
9.524999916666667,1.6759216
9.526388805555555,1.6759025
9.527777694444444,1.6756161
9.529166583333334,1.6755208
9.530555472222222,1.6755589
9.531944361111112,1.675349
9.53333325,1.6754444
9.534722138888888,1.6752726
9.536111027777778,1.6752154
9.537499916666667,1.6751008
9.538888805555557,1.6749481
9.540277694444445,1.6748337
9.541666583333333,1.6747191
9.543055472222223,1.6746809
9.544444361111111,1.6745092
9.54583325,1.6744901
9.54722213888889,1.6743183
9.548611027777778,1.6742228
9.549999916666668,1.67428
9.551388805555556,1.6741656
9.552777694444444,1.6739365
9.554166583333334,1.6738411
9.555555472222222,1.6737647
9.55694436111111,1.6738793
9.55833325,1.6737456
9.559722138888889,1.6734976
9.561111027777779,1.6735357
9.562499916666667,1.6732303
9.563888805555555,1.6730776
9.565277694444445,1.672963
9.566666583333333,1.6731157
9.568055472222222,1.6728867
9.569444361111112,1.6727531
9.57083325,1.6725432
9.57222213888889,1.6726004
9.573611027777778,1.6724859
9.574999916666666,1.6724286
9.576388805555556,1.6723332
9.577777694444444,1.6723332
9.579166583333333,1.6721232
9.580555472222223,1.6719706
9.58194436111111,1.6718751
9.58333325,1.6719133
9.584722138888889,1.6717415
9.586111027777777,1.6715888
9.587499916666667,1.6704818
9.588888805555555,1.6701382
9.590277694444444,1.6699091
9.591666583333334,1.6699091
9.593055472222222,1.669661
9.594444361111112,1.6696228
9.59583325,1.6693366
9.597222138888888,1.6691839
9.598611027777778,1.6691839
9.599999916666667,1.6691074
9.601388805555557,1.6688784
9.602777694444445,1.6688212
9.604166583333333,1.6688403
9.605555472222223,1.6686112
9.606944361111111,1.6684777
9.60833325,1.6684203
9.60972213888889,1.668344
9.611111027777778,1.668344
9.612499916666668,1.6682485
9.613888805555556,1.6681532
9.615277694444444,1.6677332
9.616666583333334,1.6676569
9.618055472222222,1.6675805
9.61944436111111,1.6675614
9.62083325,1.667466
9.622222138888889,1.6672369
9.623611027777779,1.6671225
9.624999916666667,1.6671416
9.626388805555555,1.667027
9.627777694444445,1.667027
9.629166583333333,1.6669507
9.630555472222222,1.6667407
9.631944361111112,1.6666834
9.63333325,1.6663399
9.63472213888889,1.6664352
9.636111027777778,1.6665689
9.637499916666666,1.666378
9.638888805555556,1.6662253
9.640277694444444,1.6660345
9.641666583333333,1.6660917
9.643055472222223,1.6659582
9.64444436111111,1.6659008
9.64583325,1.6656528
9.647222138888889,1.6655191
9.648611027777777,1.6655
9.649999916666667,1.6653473
9.651388805555555,1.6652328
9.652777694444444,1.6650991
9.654166583333334,1.6650419
9.655555472222222,1.6650038
9.656944361111112,1.6648892
9.65833325,1.6647748
9.659722138888888,1.6647174
9.661111027777778,1.6644884
9.662499916666667,1.6644503
9.663888805555557,1.6642212
9.665277694444445,1.6642785
9.666666583333333,1.664183
9.668055472222223,1.6640685
9.669444361111111,1.663954
9.67083325,1.6639158
9.67222213888889,1.663744
9.673611027777778,1.6636105
9.674999916666668,1.663534
9.676388805555556,1.6633813
9.677777694444444,1.6633241
9.679166583333334,1.663305
9.680555472222222,1.6632477
9.68194436111111,1.6630187
9.68333325,1.6630759
9.684722138888889,1.6628851
9.686111027777779,1.6629806
9.687499916666667,1.6626751
9.688888805555555,1.6627514
9.690277694444445,1.6625034
9.691666583333333,1.6623888
9.693055472222222,1.6623697
9.694444361111112,1.6621407
9.69583325,1.6620834
9.69722213888889,1.6621407
9.698611027777778,1.6621217
9.699999916666666,1.6618925
9.701388805555556,1.6617017
9.702777694444444,1.6616445
9.704166583333333,1.661568
9.705555472222223,1.6616445
9.70694436111111,1.6614153
9.70833325,1.6613963
9.709722138888889,1.6612436
9.711111027777777,1.6610718
9.712499916666667,1.6609
9.713888805555555,1.6610146
9.715277694444444,1.6608237
9.716666583333334,1.6608618
9.718055472222222,1.660671
9.719444361111112,1.655193
9.72083325,1.6545632
9.722222138888888,1.6542768
9.723611027777778,1.6539333
9.724999916666667,1.6535516
9.726388805555557,1.6532271
9.727777694444445,1.652998
9.729166583333333,1.6527499
9.730555472222223,1.6526163
9.731944361111111,1.6524826
9.73333325,1.6523108
9.73472213888889,1.6520054
9.736111027777778,1.6516619
9.737499916666668,1.6515665
9.738888805555556,1.6513947
9.740277694444444,1.6513183
9.741666583333334,1.6513565
9.743055472222222,1.6512038
9.74444436111111,1.6507839
9.74583325,1.6507648
9.747222138888889,1.650593
9.748611027777779,1.6505549
9.749999916666667,1.6506884
9.751388805555555,1.6504213
9.752777694444445,1.6502876
9.754166583333333,1.6501921
9.755555472222222,1.6501158
9.756944361111112,1.6501158
9.75833325,1.6499631
9.75972213888889,1.6501158
9.761111027777778,1.6499631
9.762499916666666,1.6497341
9.763888805555556,1.6497341
9.765277694444444,1.6496768
9.766666583333333,1.6497532
9.768055472222223,1.6495624
9.76944436111111,1.6493906
9.77083325,1.6491805
9.772222138888889,1.6491997
9.773611027777777,1.649276
9.774999916666667,1.6491997
9.776388805555555,1.6490661
9.777777694444444,1.6490088
9.779166583333334,1.6490088
9.780555472222222,1.6490661
9.781944361111112,1.6489134
9.78333325,1.6487607
9.784722138888888,1.6484934
9.786111027777778,1.6487035
9.787499916666667,1.6485698
9.788888805555557,1.648608
9.790277694444445,1.6485889
9.791666583333333,1.6484934
9.793055472222223,1.6483216
9.794444361111111,1.6482453
9.79583325,1.6483026
9.79722213888889,1.6480354
9.798611027777778,1.6480926
9.799999916666668,1.6480162
9.801388805555556,1.6479208
9.802777694444444,1.6479399
9.804166583333334,1.6477872
9.805555472222222,1.6471956
9.80694436111111,1.6471001
9.80833325,1.6469474
9.809722138888889,1.6468138
9.811111027777779,1.6466993
9.812499916666667,1.6465466
9.813888805555555,1.6465657
9.815277694444445,1.6465275
9.816666583333333,1.6463175
9.818055472222222,1.6463366
9.819444361111112,1.6460885
9.82083325,1.6460313
9.82222213888889,1.6458786
9.823611027777778,1.6458786
9.824999916666666,1.645764
9.826388805555556,1.6459167
9.827777694444444,1.6456494
9.829166583333333,1.6454586
9.830555472222223,1.6454586
9.83194436111111,1.6454777
9.83333325,1.6453632
9.834722138888889,1.6452487
9.836111027777777,1.6450959
9.837499916666667,1.6450005
9.838888805555555,1.6450387
9.840277694444444,1.644886
9.841666583333334,1.6447905
9.843055472222222,1.6447905
9.844444361111112,1.6446378
9.84583325,1.6445042
9.847222138888888,1.6444279
9.848611027777778,1.6443516
9.849999916666667,1.6441989
9.851388805555557,1.6440653
9.852777694444445,1.6440653
9.854166583333333,1.6437789
9.855555472222223,1.6438171
9.856944361111111,1.6437789
9.85833325,1.6436071
9.85972213888889,1.6434926
9.861111027777778,1.6434926
9.862499916666668,1.6434354
9.863888805555556,1.6433972
9.865277694444444,1.6434163
9.866666583333334,1.64334
9.868055472222222,1.6431682
9.86944436111111,1.6430537
9.87083325,1.6430155
9.872222138888889,1.6429963
9.873611027777779,1.6427673
9.874999916666667,1.6426719
9.876388805555555,1.6426146
9.877777694444445,1.6426719
9.879166583333333,1.6424047
9.880555472222222,1.6425192
9.881944361111112,1.642252
9.88333325,1.642023
9.88472213888889,1.642023
9.886111027777778,1.6418321
9.887499916666666,1.6418321
9.888888805555556,1.6417366
9.890277694444444,1.6416794
9.891666583333333,1.641603
9.893055472222223,1.6415076
9.89444436111111,1.6414312
9.89583325,1.6413549
9.897222138888889,1.6412785
9.898611027777777,1.6412213
9.899999916666667,1.6412785
9.901388805555555,1.6411067
9.902777694444444,1.6407822
9.904166583333334,1.6407822
9.905555472222222,1.6406295
9.906944361111112,1.6404005
9.90833325,1.6403242
9.909722138888888,1.6402287
9.911111027777778,1.6401333
9.912499916666667,1.640057
9.913888805555557,1.6396943
9.915277694444445,1.6397325
9.916666583333333,1.6396562
9.918055472222223,1.6395607
9.919444361111111,1.6392934
9.92083325,1.6400188
9.92222213888889,1.6395607
9.923611027777778,1.6392171
9.924999916666668,1.6389881
9.926388805555556,1.6385682
9.927777694444444,1.6377283
9.929166583333334,1.6370603
9.930555472222222,1.6360868
9.931688083333334,1.498889
9.931688138888887,1.4990035
9.931701583333332,1.6409719
9.965034916666665,1.845911
9.998368249999999,1.8821765
10.031701583333332,1.9070088
10.065034916666665,1.9266876
10.098368249999998,1.943427
10.131701583333333,1.9585057
10.165034916666666,1.9719812
10.19836825,1.9847122
10.231701583333333,1.9967943
10.265034916666666,2.008075
10.29836825,2.0185347
10.331701583333333,2.0284026
10.365034916666666,2.0373735
10.398368249999999,2.0459628
10.431701583333332,2.0540175
10.465034916666665,2.0617096
10.498368249999999,2.0687718
10.531701583333332,2.0754905
10.565034916666665,2.0814075
10.598368249999998,2.0868473
10.631701583333333,2.0918481
10.665034916666666,2.0965436
10.69836825,2.1012008
10.731701583333333,2.1046364
10.765034916666666,2.1083012
10.79836825,2.1114695
10.831701583333333,2.1145234
10.865034916666666,2.1173866
10.898368249999999,2.1194289
10.931701583333332,2.1219294
10.965034916666665,2.1242197
10.998368249999999,2.1262238
11.031701583333332,2.1278462
11.065034916666665,2.1296022
11.098368249999998,2.1311293
11.131701583333333,2.1322553
11.165034916666666,2.1337252
11.19836825,2.1351948
11.231701583333333,2.1366453
11.265034916666666,2.1376379
11.29836825,2.1388214
11.331701583333333,2.1398139
11.365034916666666,2.1410546
11.398368249999999,2.1419897
11.431701583333332,2.142906
11.465034916666665,2.1437268
11.498368249999999,2.1445856
11.531701583333332,2.1454637
11.565034916666665,2.1455209
11.598368249999998,2.1461699
11.631701583333333,2.1468379
11.665034916666666,2.1480021
11.69836825,2.1487849
11.731701583333333,2.1494911
11.765034916666666,2.1497965
11.79836825,2.1504264
11.831701583333333,2.1509416
11.865034916666666,2.1518388
11.898368249999999,2.1525259
11.931701583333332,2.1529076
11.965034916666665,2.1531749
11.981688250000001,2.1531749
11.981688361111111,2.2266171
11.98307725,2.2640135
11.98446613888889,2.2475986
11.985855027777777,2.250309
11.987243916666666,2.2534583
11.988632805555556,2.2567604
11.990021694444444,2.2600243
11.991410583333334,2.2632692
11.992799472222222,2.2666667
11.99418836111111,2.2696824
11.99557725,2.2726409
11.996966138888888,2.2757902
11.998355027777777,2.2784624
11.999743916666667,2.2812872
12.001132805555555,2.2840166
12.002521694444445,2.2864027
12.003910583333333,2.288903
12.005299472222221,2.2912889
12.006688361111111,2.2933884
12.00807725,2.2955835
12.009466138888888,2.2975304
12.010855027777778,2.2992673
12.012243916666666,2.3010995
12.013632805555556,2.3026075
12.015021694444444,2.3043826
12.016410583333332,2.3059096
12.017799472222222,2.3072839
12.01918836111111,2.3085055
12.02057725,2.309727
12.021966138888889,2.3108914
12.023355027777777,2.3119793
12.024743916666667,2.3129718
12.026132805555555,2.3139071
12.027521694444443,2.3148997
12.028910583333333,2.315644
12.030299472222222,2.316293
12.031688361111112,2.3169229
12.03307725,2.3177245
12.034466138888888,2.3181827
12.035855027777778,2.3187742
12.037243916666666,2.3194041
12.038632805555554,2.3196905
12.040021694444444,2.3201103
12.041410583333333,2.3203204
12.042799472222223,2.3207593
12.044188361111111,2.3210647
12.04557725,2.321332
12.04696613888889,2.321542
12.048355027777777,2.32179
12.049743916666666,2.3219619
12.051132805555556,2.3220954
12.052521694444444,2.3222482
12.053910583333334,2.3223054
12.055299472222222,2.3223627
12.05668836111111,2.322458
12.05807725,2.322649
12.059466138888888,2.3225346
12.060855027777777,2.3224962
12.062243916666667,2.3225727
12.063632805555555,2.3226109
12.065021694444445,2.3225727
12.066410583333333,2.3225918
12.067799472222221,2.3224962
12.069188361111111,2.322458
12.07057725,2.3225152
12.071966138888888,2.3224008
12.073355027777778,2.3222101
12.074743916666666,2.3222482
12.076132805555556,2.3221526
12.077521694444444,2.3222291
12.078910583333332,2.3220191
12.080299472222222,2.3219428
12.08168836111111,2.3217518
12.08307725,2.3217709
12.084466138888889,2.3215036
12.085855027777777,2.3215227
12.087243916666667,2.3215036
12.088632805555555,2.3213129
12.090021694444443,2.3211601
12.091410583333333,2.3210647
12.092799472222222,2.3209884
12.094188361111112,2.3206067
12.09557725,2.3207021
12.096966138888888,2.3205686
12.098355027777778,2.3203967
12.099743916666666,2.3203967
12.101132805555554,2.3202631
12.102521694444444,2.3200722
12.103910583333333,2.319824
12.105299472222223,2.3198624
12.106688361111111,2.3196523
12.10807725,2.3195379
12.10946613888889,2.319366
12.110855027777777,2.3191943
12.112243916666666,2.319175
12.113632805555556,2.3190224
12.115021694444444,2.3187933
12.116410583333334,2.3188508
12.117799472222222,2.3185453
12.11918836111111,2.318507
12.12057725,2.3183925
12.121966138888888,2.3181634
12.123355027777777,2.318049
12.124743916666667,2.3180299
12.126132805555555,2.3178773
12.127521694444445,2.3177626
12.128910583333333,2.31761
12.130299472222221,2.3174
12.131688361111111,2.3173237
12.13307725,2.3171709
12.134466138888888,2.3171327
12.135855027777778,2.316942
12.137243916666666,2.3167892
12.138632805555556,2.3166175
12.140021694444444,2.3165793
12.141410583333332,2.3165221
12.142799472222222,2.3163121
12.14418836111111,2.3161786
12.14557725,2.3160448
12.146966138888889,2.3159113
12.148355027777777,2.3158731
12.149743916666667,2.3157203
12.151132805555555,2.3156059
12.152521694444443,2.3155487
12.153910583333333,2.3153768
12.155299472222222,2.3152432
12.156688361111112,2.3152242
12.15807725,2.3149569
12.159466138888888,2.3148615
12.160855027777778,2.314785
12.162243916666666,2.3148232
12.163632805555554,2.314518
12.165021694444444,2.3143651
12.166410583333333,2.3143842
12.167799472222223,2.3143651
12.169188361111111,2.3142889
12.17057725,2.3142698
12.17196613888889,2.3141551
12.173355027777777,2.3139644
12.174743916666666,2.3138881
12.176132805555556,2.3138499
12.177521694444444,2.3137734
12.178910583333334,2.3136017
12.180299472222222,2.3134108
12.18168836111111,2.3133917
12.18307725,2.3132772
12.184466138888888,2.3131628
12.185855027777777,2.3131628
12.187243916666667,2.3128955
12.188632805555555,2.3128955
12.190021694444445,2.3126664
12.191410583333333,2.3127046
12.192799472222221,2.3125901
12.194188361111111,2.3124564
12.19557725,2.3123801
12.196966138888888,2.3122656
12.198355027777778,2.3121128
12.199743916666666,2.3121703
12.201132805555556,2.3119793
12.202521694444444,2.3117311
12.203910583333332,2.3118267
12.205299472222222,2.311712
12.20668836111111,2.3116548
12.20807725,2.3115404
12.209466138888889,2.3115404
12.210855027777777,2.3113303
12.212243916666667,2.3113303
12.213632805555555,2.3112159
12.215021694444443,2.311254
12.216410583333333,2.3109868
12.217799472222222,2.3110821
12.219188361111112,2.3109295
12.22057725,2.3107576
12.221966138888888,2.3107958
12.223355027777778,2.3107386
12.224743916666666,2.3106623
12.226132805555554,2.3105288
12.227521694444444,2.3105097
12.228910583333333,2.3102615
12.230299472222223,2.3102996
12.231688361111111,2.3101277
12.23307725,2.3100705
12.23446613888889,2.3100133
12.235855027777777,2.3100133
12.237243916666666,2.3098032
12.238632805555556,2.3098226
12.240021694444444,2.3097079
12.241410583333334,2.3096697
12.242799472222222,2.3097842
12.24418836111111,2.3096125
12.24557725,2.309479
12.246966138888888,2.3095171
12.248355027777777,2.3094597
12.249743916666667,2.3093834
12.251132805555555,2.3092117
12.252521694444445,2.309269
12.253910583333333,2.3092117
12.255299472222221,2.3090017
12.256688361111111,2.3090208
12.25807725,2.3089635
12.259466138888888,2.3088491
12.260855027777778,2.3089635
12.262243916666666,2.3087153
12.263632805555556,2.3087344
12.265021694444444,2.3086772
12.266410583333332,2.3085055
12.267799472222222,2.3085246
12.26918836111111,2.3086009
12.27057725,2.308429
12.271966138888889,2.3083909
12.273355027777777,2.3082955
12.274743916666667,2.3083527
12.276132805555555,2.3082383
12.277521694444443,2.3082001
12.278910583333333,2.3082383
12.280299472222222,2.3082383
12.281688361111112,2.3080664
12.28307725,2.307971
12.284466138888888,2.3079519
12.285855027777778,2.3078756
12.287243916666666,2.30778
12.288632805555554,2.3078184
12.290021694444444,2.3078184
12.291410583333333,2.3076847
12.292799472222223,2.3076656
12.294188361111111,2.3076084
12.29557725,2.3075511
12.29696613888889,2.3075511
12.298355027777777,2.3074555
12.299743916666666,2.3073602
12.301132805555556,2.3075321
12.302521694444444,2.3073983
12.303910583333334,2.3071885
12.305299472222222,2.307322
12.30668836111111,2.3071885
12.30807725,2.3072267
12.309466138888888,2.3071885
12.310855027777777,2.3070929
12.312243916666667,2.3070166
12.313632805555555,2.3069594
12.315021694444445,2.3069212
12.316410583333333,2.3068259
12.317799472222221,2.3069594
12.319188361111111,2.3069022
12.32057725,2.3069212
12.321966138888888,2.3067493
12.323355027777778,2.306673
12.324743916666666,2.3067112
12.326132805555556,2.3066349
12.327521694444444,2.306654
12.328910583333332,2.3067303
12.330299472222222,2.3065968
12.33168836111111,2.3065395
12.33307725,2.3065205
12.334466138888889,2.3063867
12.335855027777777,2.3065205
12.337243916666667,2.3064823
12.338632805555555,2.3062913
12.340021694444443,2.3064249
12.341410583333333,2.3063486
12.342799472222222,2.3063486
12.344188361111112,2.3064439
12.34557725,2.3062532
12.346966138888888,2.306215
12.348355027777778,2.3061578
12.349743916666666,2.3061194
12.351132805555554,2.3059859
12.352521694444444,2.3060241
12.353910583333333,2.3059859
12.355299472222223,2.3058906
12.356688361111111,2.3059669
12.35807725,2.3059096
12.35946613888889,2.3058143
12.360855027777777,2.3059096
12.362243916666666,2.3059287
12.363632805555556,2.3057952
12.365021694444444,2.3058524
12.366410583333334,2.3058333
12.367799472222222,2.3057759
12.36918836111111,2.3057759
12.37057725,2.3057377
12.371966138888888,2.3056424
12.373355027777777,2.3058143
12.374743916666667,2.3058143
12.376132805555555,2.3056805
12.377521694444445,2.3056996
12.378910583333333,2.3057377
12.380299472222221,2.3056424
12.381688361111111,2.3055661
12.38307725,2.3055279
12.384466138888888,2.3054898
12.385855027777778,2.3055089
12.387243916666666,2.305547
12.388632805555556,2.3056042
12.390021694444444,2.3055089
12.391410583333332,2.3054898
12.392799472222222,2.305547
12.39418836111111,2.3054707
12.39557725,2.3054898
12.396966138888889,2.3054898
12.398355027777777,2.3054323
12.399743916666667,2.3054323
12.401132805555555,2.3052988
12.402521694444443,2.3054132
12.403910583333333,2.3053179
12.405299472222222,2.3053751
12.406688361111112,2.305356
12.40807725,2.3052797
12.409466138888888,2.3052034
12.410855027777778,2.3052034
12.412243916666666,2.3051271
12.413632805555554,2.3052034
12.415021694444444,2.3052225
12.416410583333333,2.3050506
12.417799472222223,2.3051078
12.419188361111111,2.3051653
12.42057725,2.3051271
12.42196613888889,2.3051844
12.423355027777777,2.3050315
12.424743916666666,2.3051078
12.426132805555556,2.3050506
12.427521694444444,2.3051653
12.428910583333334,2.3051078
12.430299472222222,2.3049743
12.43168836111111,2.3050315
12.43307725,2.3050506
12.434466138888888,2.3050315
12.435855027777777,2.304898
12.437243916666667,2.3048599
12.438632805555555,2.3049362
12.440021694444445,2.3048599
12.441410583333333,2.3048599
12.442799472222221,2.3049934
12.444188361111111,2.3048217
12.44557725,2.3050125
12.446966138888888,2.304898
12.448355027777778,2.3049362
12.449743916666666,2.3049743
12.451132805555556,2.3050315
12.452521694444444,2.3048027
12.453910583333332,2.3048217
12.455299472222222,2.3048599
12.45668836111111,2.3048217
12.45807725,2.3048599
12.459466138888889,2.3048027
12.460855027777777,2.3046689
12.462243916666667,2.3047833
12.463632805555555,2.3047643
12.465021694444443,2.3047452
12.466410583333333,2.3047261
12.467799472222222,2.3047071
12.469188361111112,2.3048217
12.47057725,2.3048027
12.471966138888888,2.3047833
12.473355027777778,2.3047833
12.474743916666666,2.304879
12.476132805555554,2.3047833
12.477521694444444,2.3048408
12.478910583333333,2.3045735
12.480299472222223,2.3046498
12.481688361111111,2.3047643
12.48307725,2.304688
12.48446613888889,2.3047261
12.485855027777777,2.3045735
12.487243916666666,2.3047643
12.488632805555556,2.3046689
12.490021694444444,2.3046498
12.491410583333334,2.3046498
12.492799472222222,2.3047071
12.49418836111111,2.3048408
12.49557725,2.3047261
12.496966138888888,2.304688
12.498355027777777,2.3045545
12.499743916666667,2.3047261
12.501132805555555,2.3045545
12.502521694444445,2.3046689
12.503910583333333,2.304688
12.505299472222221,2.3047261
12.506688361111111,2.3046689
12.50807725,2.3046498
12.509466138888888,2.3045926
12.510855027777778,2.3045926
12.512243916666666,2.3045735
12.513632805555556,2.3046117
12.515021694444444,2.3047833
12.516410583333332,2.3046689
12.517799472222222,2.3045735
12.51918836111111,2.3046117
12.52057725,2.3046498
12.521966138888889,2.304688
12.523355027777777,2.3045545
12.524743916666667,2.3045354
12.526132805555555,2.3047643
12.527521694444443,2.3045354
12.528910583333333,2.3044972
12.530299472222222,2.3046117
12.531688361111112,2.3045545
12.53307725,2.3045926
12.534466138888888,2.3045735
12.535855027777778,2.3045545
12.537243916666666,2.3045545
12.538632805555554,2.3046498
12.540021694444444,2.3045735
12.541410583333333,2.3044972
12.542799472222223,2.3045735
12.544188361111111,2.3044016
12.54557725,2.3045545
12.54696613888889,2.3045735
12.548355027777777,2.3045354
12.549743916666666,2.3046308
12.551132805555556,2.3045926
12.552521694444444,2.304688
12.553910583333334,2.3046689
12.555299472222222,2.3046689
12.55668836111111,2.3045163
12.55807725,2.3044591
12.559466138888888,2.3046498
12.560855027777777,2.3044972
12.562243916666667,2.3045354
12.563632805555555,2.3044591
12.565021694444445,2.3045735
12.566410583333333,2.3046117
12.567799472222221,2.304688
12.569188361111111,2.3045354
12.57057725,2.3047452
12.571966138888888,2.3046117
12.573355027777778,2.3045354
12.574743916666666,2.3045926
12.576132805555556,2.3045926
12.577521694444444,2.3045926
12.578910583333332,2.3046117
12.580299472222222,2.3047071
12.58168836111111,2.3045545
12.58307725,2.3045545
12.584466138888889,2.3046689
12.585855027777777,2.3045926
12.587243916666667,2.3045926
12.588632805555555,2.3046498
12.590021694444443,2.3045735
12.591410583333333,2.3047833
12.592799472222222,2.3045354
12.594188361111112,2.3046117
12.59557725,2.3046689
12.596966138888888,2.3047452
12.598355027777778,2.3046689
12.599743916666666,2.3047071
12.601132805555554,2.3046498
12.602521694444444,2.3046308
12.603910583333333,2.3046689
12.605299472222223,2.3046308
12.606688361111111,2.3046117
12.60807725,2.3047071
12.60946613888889,2.304688
12.610855027777777,2.3047071
12.612243916666666,2.3046117
12.613632805555556,2.3046498
12.615021694444444,2.3047643
12.616410583333334,2.3046308
12.617799472222222,2.3046308
12.61918836111111,2.3046689
12.62057725,2.3047452
12.621966138888888,2.304688
12.623355027777777,2.3046689
12.624743916666667,2.3048217
12.626132805555555,2.3046117
12.627521694444445,2.3047643
12.628910583333333,2.3047833
12.630299472222221,2.3045735
12.631688361111111,2.3047071
12.63307725,2.3047261
12.634466138888888,2.304688
12.635855027777778,2.3046689
12.637243916666666,2.3046498
12.638632805555556,2.304879
12.640021694444444,2.3047643
12.641410583333332,2.3048217
12.642799472222222,2.3048027
12.64418836111111,2.3049552
12.64557725,2.3048217
12.646966138888889,2.3048027
12.648355027777777,2.304879
12.649743916666667,2.3049362
12.651132805555555,2.3047452
12.652521694444443,2.3048408
12.653910583333333,2.3049362
12.655299472222222,2.3048027
12.656688361111112,2.3049743
12.65807725,2.304898
12.659466138888888,2.3048027
12.660855027777778,2.3049743
12.662243916666666,2.3050125
12.663632805555554,2.3049171
12.665021694444444,2.3049362
12.666410583333333,2.3049552
12.667799472222223,2.3050506
12.669188361111111,2.3051078
12.67057725,2.3050315
12.67196613888889,2.3049743
12.673355027777777,2.3049743
12.674743916666666,2.3051078
12.676132805555556,2.3050506
12.677521694444444,2.3050315
12.678910583333334,2.3050315
12.680299472222222,2.3051078
12.68168836111111,2.3050888
12.68307725,2.3050125
12.684466138888888,2.3050888
12.685855027777777,2.3049934
12.687243916666667,2.3051653
12.688632805555555,2.3051844
12.690021694444445,2.3051271
12.691410583333333,2.3052797
12.692799472222221,2.3052988
12.694188361111111,2.3051462
12.69557725,2.3052416
12.696966138888888,2.3052607
12.698355027777778,2.3052797
12.699743916666666,2.3053179
12.701132805555556,2.3052416
12.702521694444444,2.3051653
12.703910583333332,2.305337
12.705299472222222,2.3053942
12.70668836111111,2.3052607
12.70807725,2.3052988
12.709466138888889,2.3052225
12.710855027777777,2.3052797
12.712243916666667,2.305356
12.713632805555555,2.305356
12.715021694444443,2.3053751
12.716410583333333,2.3054898
12.717799472222222,2.3054707
12.719188361111112,2.3054707
12.72057725,2.3055089
12.721966138888888,2.305547
12.723355027777778,2.3054514
12.724743916666666,2.3055279
12.726132805555554,2.3055089
12.727521694444444,2.305547
12.728910583333333,2.3055851
12.730299472222223,2.3055851
12.731688361111111,2.3056614
12.73307725,2.3056233
12.73446613888889,2.3056233
12.735855027777777,2.3056614
12.737243916666666,2.3056996
12.738632805555556,2.3057377
12.740021694444444,2.3057187
12.741410583333334,2.3056996
12.742799472222222,2.3056424
12.74418836111111,2.3057187
12.74557725,2.3057759
12.746966138888888,2.3056996
12.748355027777777,2.3058715
12.749743916666667,2.3056805
12.751132805555555,2.3058715
12.752521694444445,2.3058524
12.753910583333333,2.3058333
12.755299472222221,2.3057568
12.756688361111111,2.3058524
12.75807725,2.3058715
12.759466138888888,2.3058524
12.760855027777778,2.3059096
12.762243916666666,2.3057952
12.763632805555556,2.3059287
12.765021694444444,2.3059287
12.766410583333332,2.3060622
12.767799472222222,2.3058906
12.76918836111111,2.3060622
12.77057725,2.3060431
12.771966138888889,2.3059478
12.773355027777777,2.3059859
12.774743916666667,2.3060622
12.776132805555555,2.3059859
12.777521694444443,2.3061004
12.778910583333333,2.306005
12.780299472222222,2.3062341
12.781688361111112,2.3060622
12.78307725,2.3061004
12.784466138888888,2.3060241
12.785855027777778,2.3060431
12.787243916666666,2.3061769
12.788632805555554,2.3062341
12.790021694444444,2.3061578
12.791410583333333,2.3062532
12.792799472222223,2.3062723
12.794188361111111,2.306215
12.79557725,2.3061578
12.79696613888889,2.306215
12.798355027777777,2.3062723
12.799743916666666,2.3064058
12.801132805555556,2.3061388
12.802521694444444,2.3062913
12.803910583333334,2.3062723
12.805299472222222,2.3064058
12.80668836111111,2.3062913
12.80807725,2.3063676
12.809466138888888,2.3063676
12.810855027777777,2.3063295
12.812243916666667,2.3062913
12.813632805555555,2.3063676
12.815021694444445,2.3064058
12.816410583333333,2.3064632
12.817799472222221,2.3064439
12.819188361111111,2.3064632
12.82057725,2.3063486
12.821966138888888,2.3065205
12.823355027777778,2.3065395
12.824743916666666,2.3064249
12.826132805555556,2.3065968
12.827521694444444,2.3065968
12.828910583333332,2.3065968
12.830299472222222,2.3065205
12.83168836111111,2.3065777
12.83307725,2.3066349
12.834466138888889,2.3067112
12.835855027777777,2.3065777
12.837243916666667,2.3067112
12.838632805555555,2.3065777
12.840021694444443,2.3067303
12.841410583333333,2.3068068
12.842799472222222,2.3067303
12.844188361111112,2.3066158
12.84557725,2.306673
12.846966138888888,2.3069022
12.848355027777778,2.3068449
12.849743916666666,2.3069212
12.851132805555554,2.3068068
12.852521694444444,2.3069022
12.853910583333333,2.3069212
12.855299472222223,2.306864
12.856688361111111,2.3068831
12.85807725,2.3070166
12.85946613888889,2.3069594
12.860855027777777,2.3069975
12.862243916666666,2.3069403
12.863632805555556,2.3070929
12.865021694444444,2.307112
12.866410583333334,2.3070738
12.867799472222222,2.307112
12.86918836111111,2.3071694
12.87057725,2.3070929
12.871966138888888,2.3071694
12.873355027777777,2.3071885
12.874743916666667,2.3072076
12.876132805555555,2.3070929
12.877521694444445,2.3072076
12.878910583333333,2.3072267
12.880299472222221,2.3072457
12.881688361111111,2.3073602
12.88307725,2.3072839
12.884466138888888,2.3071694
12.885855027777778,2.3073983
12.887243916666666,2.3073792
12.888632805555556,2.3074555
12.890021694444444,2.3073792
12.891410583333332,2.307322
12.892799472222222,2.3074749
12.89418836111111,2.3075321
12.89557725,2.3074555
12.896966138888889,2.3075702
12.898355027777777,2.3074939
12.899743916666667,2.3074174
12.901132805555555,2.3075893
12.902521694444443,2.3076274
12.903910583333333,2.3076084
12.905299472222222,2.3076274
12.906688361111112,2.3076084
12.90807725,2.3076847
12.909466138888888,2.3076084
12.910855027777778,2.3076465
12.912243916666666,2.3078184
12.913632805555554,2.3078184
12.915021694444444,2.3077228
12.916410583333333,2.3077419
12.917799472222223,2.30778
12.919188361111111,2.3078566
12.92057725,2.3078947
12.92196613888889,2.3078375
12.923355027777777,2.3077993
12.924743916666666,2.3079329
12.926132805555556,2.3079519
12.927521694444444,2.3078375
12.928910583333334,2.307971
12.930299472222222,2.3079329
12.93168836111111,2.3079138
12.93307725,2.3080282
12.934466138888888,2.3080664
12.935855027777777,2.3080854
12.937243916666667,2.3081236
12.938632805555555,2.3080854
12.940021694444445,2.3081236
12.941410583333333,2.3081045
12.942799472222221,2.3081429
12.944188361111111,2.3080854
12.94557725,2.3082192
12.946966138888888,2.308181
12.948355027777778,2.3082192
12.949743916666666,2.3083336
12.951132805555556,2.3082955
12.952521694444444,2.3082955
12.953910583333332,2.3083527
12.955299472222222,2.3083527
12.95668836111111,2.3082955
12.95807725,2.3085055
12.959466138888889,2.3085246
12.960855027777777,2.3083718
12.962243916666667,2.3085246
12.963632805555555,2.3083718
12.965021694444443,2.3084481
12.966410583333333,2.3085055
12.967799472222222,2.3086581
12.969188361111112,2.3086581
12.97057725,2.3085055
12.971966138888888,2.3085628
12.973355027777778,2.3085437
12.974743916666666,2.30862
12.976132805555554,2.3085437
12.977521694444444,2.3087916
12.978910583333333,2.3086581
12.980299472222223,2.3087726
12.981688361111111,2.3087726
12.98307725,2.3087153
12.98446613888889,2.3088491
12.985855027777777,2.3088109
12.987243916666666,2.3088682
12.988632805555556,2.3087726
12.990021694444444,2.3087916
12.991410583333334,2.3088682
12.992799472222222,2.3089826
12.99418836111111,2.3088872
12.99557725,2.3089445
12.996966138888888,2.3090971
12.998355027777777,2.3089254
12.999743916666667,2.3088491
13.001132805555555,2.3090017
13.002521694444445,2.3090398
13.003910583333333,2.3090589
13.005299472222221,2.3089254
13.006688361111111,2.3090589
13.00807725,2.3091927
13.009466138888888,2.3091927
13.010855027777778,2.3091161
13.012243916666666,2.3091161
13.013632805555556,2.3090971
13.015021694444444,2.3091927
13.016410583333332,2.3093643
13.017799472222222,2.3093643
13.01918836111111,2.309288
13.02057725,2.3093452
13.021966138888889,2.3094406
13.023355027777777,2.3093452
13.024743916666667,2.3095362
13.026132805555555,2.3094215
13.027521694444443,2.3096316
13.028910583333333,2.3094025
13.030299472222222,2.3094981
13.031688361111112,2.3095744
13.03307725,2.3095171
13.034466138888888,2.3095553
13.035855027777778,2.3095171
13.037243916666666,2.3095744
13.038632805555554,2.3096888
13.040021694444444,2.3096316
13.041410583333333,2.3098226
13.042799472222223,2.3096888
13.044188361111111,2.3098226
13.04557725,2.309746
13.04696613888889,2.3098416
13.048355027777777,2.3099179
13.049743916666666,2.3099561
13.051132805555556,2.3098032
13.052521694444444,2.3099942
13.053910583333334,2.3097842
13.055299472222222,2.3098226
13.05668836111111,2.3098416
13.05807725,2.3098989
13.059466138888888,2.309937
13.060855027777777,2.3100133
13.062243916666667,2.3100324
13.063632805555555,2.3099751
13.065021694444445,2.310147
13.066410583333333,2.3100133
13.067799472222221,2.3100705
13.069188361111111,2.3102043
13.07057725,2.3102615
13.071966138888888,2.3100514
13.073355027777778,2.3102996
13.074743916666666,2.3102996
13.076132805555556,2.3102996
13.077521694444444,2.3104331
13.078910583333332,2.3103187
13.080299472222222,2.3103187
13.08168836111111,2.3103187
13.08307725,2.3102996
13.084466138888889,2.3103569
13.085855027777777,2.3105097
13.087243916666667,2.3088872
13.088632805555555,2.3088682
13.090021694444443,2.3090208
13.091410583333333,2.3089826
13.092799472222222,2.3088682
13.094188361111112,2.3090017
13.09557725,2.309078
13.096966138888888,2.3090971
13.098355027777778,2.3090589
13.099743916666666,2.3091161
13.101132805555554,2.3090017
13.102521694444444,2.3091736
13.103910583333333,2.3090208
13.105299472222223,2.3090589
13.106688361111111,2.3092117
13.10807725,2.3092308
13.10946613888889,2.310605
13.110855027777777,2.3107576
13.112243916666666,2.310605
13.113632805555556,2.3107958
13.115021694444444,2.3107004
13.116410583333334,2.3108914
13.117799472222222,2.3107767
13.11918836111111,2.3108914
13.12057725,2.3109105
13.121966138888888,2.3109677
13.123355027777777,2.3110821
13.124743916666667,2.311044
13.126132805555555,2.3110631
13.127521694444445,2.311044
13.128910583333333,2.3111203
13.130299472222221,2.3111203
13.131688361111111,2.3111777
13.13307725,2.3112731
13.134466138888888,2.3111968
13.135855027777778,2.3113112
13.137243916666666,2.3111587
13.138632805555556,2.3111968
13.140021694444444,2.3111587
13.141410583333332,2.3113875
13.142799472222222,2.3113875
13.14418836111111,2.3113303
13.14557725,2.3114257
13.146966138888889,2.3114066
13.148355027777777,2.3115594
13.149743916666667,2.3114448
13.151132805555555,2.3115785
13.152521694444443,2.3115404
13.153910583333333,2.3115022
13.155299472222222,2.3117502
13.156688361111112,2.3116357
13.15807725,2.311693
13.159466138888888,2.3118267
13.160855027777778,2.3117883
13.162243916666666,2.3117502
13.163632805555554,2.3117502
13.165021694444444,2.3118649
13.166410583333333,2.3117883
13.167799472222223,2.3117883
13.169188361111111,2.3118074
13.17057725,2.3120174
13.17196613888889,2.3120365
13.173355027777777,2.312151
13.174743916666666,2.3120747
13.176132805555556,2.3120365
13.177521694444444,2.3121319
13.178910583333334,2.3120556
13.180299472222222,2.3120747
13.18168836111111,2.3122656
13.18307725,2.3122466
13.184466138888888,2.3120937
13.185855027777777,2.3123038
13.187243916666667,2.312151
13.188632805555555,2.3122847
13.190021694444445,2.3124182
13.191410583333333,2.3122084
13.192799472222221,2.3123991
13.194188361111111,2.3124564
13.19557725,2.3124182
13.196966138888888,2.3125901
13.198355027777778,2.3125138
13.199743916666666,2.3125329
13.201132805555556,2.3125329
13.202521694444444,2.3125138
13.203910583333332,2.3125901
13.205299472222222,2.3126473
13.20668836111111,2.3126664
13.20807725,2.3126473
13.209466138888889,2.3127236
13.210855027777777,2.3127618
13.212243916666667,2.3127427
13.213632805555555,2.3127809
13.215021694444443,2.3128383
13.216410583333333,2.3127046
13.217799472222222,2.312819
13.219188361111112,2.3114257
13.22057725,2.3114066
13.221966138888888,2.3113494
13.223355027777778,2.3114066
13.224743916666666,2.3113494
13.226132805555554,2.3114638
13.227521694444444,2.3114257
13.228910583333333,2.3115785
13.230299472222223,2.3115404
13.231688361111111,2.3115022
13.23307725,2.3115213
13.23446613888889,2.3114066
13.235855027777777,2.3115213
13.237243916666666,2.3115404
13.238632805555556,2.3115976
13.240021694444444,2.3116167
13.241410583333334,2.3116739
13.242799472222222,2.311693
13.24418836111111,2.311693
13.24557725,2.3118074
13.246966138888888,2.3116167
13.248355027777777,2.3116548
13.249743916666667,2.3116548
13.251132805555555,2.3116739
13.252521694444445,2.3117311
13.253910583333333,2.3119984
13.255299472222221,2.3118649
13.256688361111111,2.3117311
13.25807725,2.3118074
13.259466138888888,2.3118458
13.260855027777778,2.311903
13.262243916666666,2.3118267
13.263632805555556,2.3120937
13.265021694444444,2.3120365
13.266410583333332,2.3119411
13.267799472222222,2.3119221
13.26918836111111,2.3119602
13.27057725,2.3120937
13.271966138888889,2.3120174
13.273355027777777,2.3120556
13.274743916666667,2.3122084
13.276132805555555,2.3123419
13.277521694444443,2.312151
13.278910583333333,2.3121319
13.280299472222222,2.3122275
13.281688361111112,2.3123038
13.28307725,2.3123991
13.284466138888888,2.3122847
13.285855027777778,2.3124754
13.287243916666666,2.3122466
13.288632805555554,2.3123419
13.290021694444444,2.3124948
13.291410583333333,2.3124373
13.292799472222223,2.3124373
13.294188361111111,2.312571
13.29557725,2.3125138
13.29696613888889,2.3124373
13.298355027777777,2.3126664
13.299743916666666,2.3126092
13.301132805555556,2.3124948
13.302521694444444,2.3125901
13.303910583333334,2.3126092
13.305299472222222,2.312552
13.30668836111111,2.3126473
13.30807725,2.3127046
13.309466138888888,2.3126283
13.310855027777777,2.3126473
13.312243916666667,2.3126283
13.313632805555555,2.312552
13.315021694444445,2.3127618
13.316410583333333,2.3126664
13.317799472222221,2.3126855
13.319188361111111,2.3127427
13.32057725,2.3126092
13.321966138888888,2.3127809
13.323355027777778,2.3127618
13.324743916666666,2.3128383
13.326132805555556,2.3129528
13.327521694444444,2.3128383
13.328910583333332,2.3131244
13.330299472222222,2.3128765
13.33168836111111,2.312819
13.33307725,2.3129337
13.334466138888889,2.3129337
13.335855027777777,2.3130672
13.337243916666667,2.3129528
13.338632805555555,2.31301
13.340021694444443,2.3129528
13.341410583333333,2.3130291
13.342799472222222,2.3131053
13.344188361111112,2.3131435
13.34557725,2.3129528
13.346966138888888,2.3130481
13.348355027777778,2.3131435
13.349743916666666,2.3131244
13.351132805555554,2.3131435
13.352521694444444,2.31322
13.353910583333333,2.3132963
13.355299472222223,2.3131628
13.356688361111111,2.3132963
13.35807725,2.3132963
13.35946613888889,2.3131819
13.360855027777777,2.3133154
13.362243916666666,2.3133154
13.363632805555556,2.3132391
13.365021694444444,2.3133535
13.366410583333334,2.3133726
13.367799472222222,2.3133726
13.36918836111111,2.313678
13.37057725,2.3136399
13.371966138888888,2.3137352
13.373355027777777,2.313659
13.374743916666667,2.313659
13.376132805555555,2.3137925
13.377521694444445,2.3137925
13.378910583333333,2.3137543
13.380299472222221,2.3140216
13.381688361111111,2.3139834
13.38307725,2.314117
13.384466138888888,2.313869
13.385855027777778,2.313869
13.387243916666666,2.3139644
13.388632805555556,2.3140407
13.390021694444444,2.3139834
13.391410583333332,2.313869
13.392799472222222,2.3139453
13.39418836111111,2.3139071
13.39557725,2.3139644
13.396966138888889,2.3140979
13.398355027777777,2.3139644
13.399743916666667,2.3140788
13.401132805555555,2.3143461
13.402521694444443,2.3143651
13.403910583333333,2.3144414
13.405299472222222,2.3144224
13.406688361111112,2.314327
13.40807725,2.3144605
13.409466138888888,2.3144605
13.410855027777778,2.3145752
13.412243916666666,2.3146706
13.413632805555554,2.3143842
13.415021694444444,2.3145752
13.416410583333333,2.3144796
13.417799472222223,2.3143651
13.419188361111111,2.314327
13.42057725,2.3143461
13.42196613888889,2.3144414
13.423355027777777,2.3144605
13.424743916666666,2.3144989
13.426132805555556,2.3144414
13.427521694444444,2.3144989
13.428910583333334,2.3145561
13.430299472222222,2.314537
13.43168836111111,2.314537
13.43307725,2.3144605
13.434466138888888,2.3144224
13.435855027777777,2.314537
13.437243916666667,2.314518
13.438632805555555,2.3144989
13.440021694444445,2.3146515
13.441410583333333,2.3144989
13.442799472222221,2.3145752
13.444188361111111,2.3145943
13.44557725,2.3145943
13.446966138888888,2.3147087
13.448355027777778,2.3145561
13.449743916666666,2.3146133
13.451132805555556,2.3147087
13.452521694444444,2.3146515
13.453910583333332,2.3147278
13.455299472222222,2.314785
13.45668836111111,2.3147087
13.45807725,2.3146896
13.459466138888889,2.314785
13.460855027777777,2.3147278
13.462243916666667,2.3149188
13.463632805555555,2.3148041
13.465021694444443,2.3148232
13.466410583333333,2.3148425
13.467799472222222,2.3148041
13.469188361111112,2.3148232
13.47057725,2.3147659
13.471966138888888,2.3148615
13.473355027777778,2.3149569
13.474743916666666,2.3149951
13.476132805555554,2.3148232
13.477521694444444,2.314976
13.478910583333333,2.3148425
13.480299472222223,2.3148997
13.481688361111111,2.3151286
13.48307725,2.3149569
13.48446613888889,2.3149569
13.485855027777777,2.3152242
13.487243916666666,2.3151476
13.488632805555556,2.3153195
13.490021694444444,2.3152242
13.491410583333334,2.3152623
13.492799472222222,2.3150713
13.49418836111111,2.3153195
13.49557725,2.3152623
13.496966138888888,2.3152814
13.498355027777777,2.315434
13.499743916666667,2.315167
13.501132805555555,2.3153768
13.502521694444445,2.3153768
13.503910583333333,2.3153768
13.505299472222221,2.3154721
13.506688361111111,2.3154149
13.50807725,2.3154721
13.509466138888888,2.3155868
13.510855027777778,2.3154721
13.512243916666666,2.3155677
13.513632805555556,2.3154912
13.515021694444444,2.3155296
13.516410583333332,2.3156822
13.517799472222222,2.3155677
13.51918836111111,2.3158731
13.52057725,2.3160067
13.521966138888889,2.3158731
13.523355027777777,2.3159113
13.524743916666667,2.3159113
13.526132805555555,2.3159685
13.527521694444443,2.3159685
13.528910583333333,2.3159876
13.530299472222222,2.3160067
13.531688361111112,2.3160067
13.53307725,2.3159685
13.534466138888888,2.3160639
13.535855027777778,2.3161592
13.537243916666666,2.3161211
13.538632805555554,2.3160448
13.540021694444444,2.3161402
13.541410583333333,2.3160448
13.542799472222223,2.3161786
13.544188361111111,2.316102
13.54557725,2.3161402
13.54696613888889,2.3163311
13.548355027777777,2.3162739
13.549743916666666,2.3162167
13.551132805555556,2.3161592
13.552521694444444,2.3162739
13.553910583333334,2.3162739
13.555299472222222,2.3163121
13.55668836111111,2.3162739
13.55807725,2.3163502
13.559466138888888,2.316293
13.560855027777777,2.3163502
13.562243916666667,2.3163693
13.563632805555555,2.3164647
13.565021694444445,2.3164647
13.566410583333333,2.3164837
13.567799472222221,2.3163311
13.569188361111111,2.3164647
13.57057725,2.3166747
13.571966138888888,2.3167892
13.573355027777778,2.3167319
13.574743916666666,2.3166747
13.576132805555556,2.3166175
13.577521694444444,2.3168273
13.578910583333332,2.3166938
13.580299472222222,2.3166556
13.58168836111111,2.3167701
13.58307725,2.3167319
13.584466138888889,2.316942
13.585855027777777,2.3168466
13.587243916666667,2.3167892
13.588632805555555,2.3170373
13.590021694444443,2.3170946
13.591410583333333,2.3172855
13.592799472222222,2.3172665
13.594188361111112,2.3173237
13.59557725,2.3171518
13.596966138888888,2.3172474
13.598355027777778,2.3172283
13.599743916666666,2.3172855
13.601132805555554,2.3173809
13.602521694444444,2.3178389
13.603910583333333,2.3178389
13.605299472222223,2.3180299
13.606688361111111,2.3180108
13.60807725,2.3178773
13.60946613888889,2.3180299
13.610855027777777,2.318068
13.612243916666666,2.3181634
13.613632805555556,2.3180108
13.615021694444444,2.3181827
13.616410583333334,2.3182018
13.617799472222222,2.3178964
13.61918836111111,2.3181062
13.62057725,2.3182018
13.621966138888888,2.3181443
13.623355027777777,2.3180299
13.624743916666667,2.3180108
13.626132805555555,2.3182971
13.627521694444445,2.3180299
13.628910583333333,2.3180871
13.630299472222221,2.3182209
13.631688361111111,2.3181827
13.63307725,2.3181252
13.634466138888888,2.3181827
13.635855027777778,2.3181443
13.637243916666666,2.3181827
13.638632805555556,2.3181252
13.640021694444444,2.3182781
13.641410583333332,2.3182971
13.642799472222222,2.3186026
13.64418836111111,2.3184879
13.64557725,2.3185263
13.646966138888889,2.3183925
13.648355027777777,2.3184879
13.649743916666667,2.3184688
13.651132805555555,2.3184497
13.652521694444443,2.318507
13.653910583333333,2.3183925
13.655299472222222,2.3185453
13.656688361111112,2.3185453
13.65807725,2.3184688
13.659466138888888,2.3184307
13.660855027777778,2.318507
13.662243916666666,2.3184307
13.663632805555554,2.3184688
13.665021694444444,2.318507
13.666410583333333,2.3184497
13.667799472222223,2.3184497
13.669188361111111,2.3184879
13.67057725,2.3185263
13.67196613888889,2.3183925
13.673355027777777,2.318507
13.674743916666666,2.3184879
13.676132805555556,2.3184307
13.677521694444444,2.3185835
13.678910583333334,2.318717
13.680299472222222,2.3187933
13.68168836111111,2.3188508
13.68307725,2.3187742
13.684466138888888,2.318908
13.685855027777777,2.3187742
13.687243916666667,2.318927
13.688632805555555,2.3189652
13.690021694444445,2.3189461
13.691410583333333,2.3190606
13.692799472222221,2.3190415
13.694188361111111,2.3191369
13.69557725,2.3191369
13.696966138888888,2.3191369
13.698355027777778,2.3190224
13.699743916666666,2.3190796
13.701132805555556,2.3191943
13.702521694444444,2.3194041
13.703910583333332,2.3190224
13.705299472222222,2.3190987
13.70668836111111,2.3192897
13.70807725,2.3190415
13.709466138888889,2.3192706
13.710855027777777,2.3193469
13.712243916666667,2.3193469
13.713632805555555,2.3192515
13.715021694444443,2.3191943
13.716410583333333,2.319175
13.717799472222222,2.3192897
13.719188361111112,2.3193088
13.72057725,2.3192706
13.721966138888888,2.3191943
13.723355027777778,2.3191178
13.724743916666666,2.3193469
13.726132805555554,2.3193088
13.727521694444444,2.3193278
13.728910583333333,2.3192897
13.730299472222223,2.3194613
13.731688361111111,2.3192706
13.73307725,2.3192897
13.73446613888889,2.3194613
13.735855027777777,2.3196714
13.737243916666666,2.319576
13.738632805555556,2.3196332
13.740021694444444,2.3196142
13.741410583333334,2.3197095
13.742799472222222,2.3196142
13.74418836111111,2.3196905
13.74557725,2.3196523
13.746966138888888,2.3196714
13.748355027777777,2.3195951
13.749743916666667,2.3197286
13.751132805555555,2.3197095
13.752521694444445,2.3197286
13.753910583333333,2.3198049
13.755299472222221,2.3197095
13.756688361111111,2.3199005
13.75807725,2.3197286
13.759466138888888,2.319824
13.760855027777778,2.3197286
13.762243916666666,2.3197858
13.763632805555556,2.3198049
13.765021694444444,2.3198814
13.766410583333332,2.3198814
13.767799472222222,2.3198431
13.76918836111111,2.3199387
13.77057725,2.3198431
13.771966138888889,2.3198624
13.773355027777777,2.3199005
13.774743916666667,2.3198431
13.776132805555555,2.3199768
13.777521694444443,2.3199959
13.778910583333333,2.3198624
13.780299472222222,2.3198814
13.781688361111112,2.3199005
13.78307725,2.320015
13.784466138888888,2.3199005
13.785855027777778,2.3199768
13.787243916666666,2.3197858
13.788632805555554,2.3198624
13.790021694444444,2.3198624
13.791410583333333,2.3199387
13.792799472222223,2.3199196
13.794188361111111,2.3198814
13.79557725,2.320015
13.79696613888889,2.3199005
13.798355027777777,2.3199196
13.799743916666666,2.3199959
13.801132805555556,2.320034
13.802521694444444,2.320225
13.803910583333334,2.3202822
13.805299472222222,2.3202059
13.80668836111111,2.3202631
13.80807725,2.3202631
13.809466138888888,2.3202631
13.810855027777777,2.3203013
13.812243916666667,2.3207021
13.813632805555555,2.3207211
13.815021694444445,2.3207402
13.816410583333333,2.320683
13.817799472222221,2.3207021
13.819188361111111,2.3209693
13.82057725,2.3208356
13.821966138888888,2.3210075
13.823355027777778,2.3209503
13.824743916666666,2.3209693
13.826132805555556,2.3209884
13.827521694444444,2.3209121
13.828910583333332,2.3209121
13.830299472222222,2.320874
13.83168836111111,2.3207784
13.83307725,2.3209503
13.834466138888889,2.3210647
13.835855027777777,2.3209503
13.837243916666667,2.3209884
13.838632805555555,2.3209884
13.840021694444443,2.3210838
13.841410583333333,2.3210266
13.842799472222222,2.3210266
13.844188361111112,2.3210266
13.84557725,2.321141
13.846966138888888,2.3211219
13.848355027777778,2.3210838
13.849743916666666,2.3211792
13.851132805555554,2.3211985
13.852521694444444,2.3212557
13.853910583333333,2.3211985
13.855299472222223,2.3212748
13.856688361111111,2.3213511
13.85807725,2.3211219
13.85946613888889,2.3212938
13.860855027777777,2.3211985
13.862243916666666,2.3211601
13.863632805555556,2.3211601
13.865021694444444,2.321332
13.866410583333334,2.3211601
13.867799472222222,2.3212366
13.86918836111111,2.3212366
13.87057725,2.3212366
13.871966138888888,2.3213892
13.873355027777777,2.321332
13.874743916666667,2.3214846
13.876132805555555,2.321332
13.877521694444445,2.3213892
13.878910583333333,2.3214655
13.880299472222221,2.3215227
13.881688361111111,2.321542
13.88307725,2.3215227
13.884466138888888,2.3215227
13.885855027777778,2.3216374
13.887243916666666,2.321542
13.888632805555556,2.3215802
13.890021694444444,2.3215611
13.891410583333332,2.3216946
13.892799472222222,2.3216374
13.89418836111111,2.3216755
13.89557725,2.3216755
13.896966138888889,2.3216755
13.898355027777777,2.3216755
13.899743916666667,2.3217137
13.901132805555555,2.3217518
13.902521694444443,2.3216755
13.903910583333333,2.3216374
13.905299472222222,2.3218091
13.906688361111112,2.3218472
13.90807725,2.3218281
13.909466138888888,2.32179
13.910855027777778,2.3218665
13.912243916666666,2.3219237
13.913632805555554,2.3218856
13.915021694444444,2.3219237
13.916410583333333,2.3218665
13.917799472222223,2.3217709
13.919188361111111,2.3219619
13.92057725,2.3220191
13.92196613888889,2.3219428
13.923355027777777,2.321981
13.924743916666666,2.3220763
13.926132805555556,2.3219428
13.927521694444444,2.3220191
13.928910583333334,2.3219237
13.930299472222222,2.3218856
13.93168836111111,2.322
13.93307725,2.3219619
13.934466138888888,2.3219428
13.935855027777777,2.321981
13.937243916666667,2.3219428
13.938632805555555,2.3220382
13.940021694444445,2.3221145
13.941410583333333,2.3221145
13.942799472222221,2.3223817
13.944188361111111,2.3223436
13.94557725,2.3222673
13.946966138888888,2.3223436
13.948355027777778,2.3223817
13.949743916666666,2.3222673
13.951132805555556,2.3224199
13.952521694444444,2.322439
13.953910583333332,2.3224199
13.955299472222222,2.3224199
13.95668836111111,2.3225918
13.95807725,2.3226299
13.959466138888889,2.3226681
13.960855027777777,2.3225918
13.962243916666667,2.3227634
13.963632805555555,2.322649
13.965021694444443,2.3225346
13.966410583333333,2.3226109
13.967799472222222,2.3225152
13.969188361111112,2.3226299
13.97057725,2.3225536
13.971966138888888,2.3226681
13.973355027777778,2.322649
13.974743916666666,2.3225727
13.976132805555554,2.3224962
13.977521694444444,2.3227062
13.978910583333333,2.3225536
13.980299472222223,2.3226871
13.981688361111111,2.3225346
13.98307725,2.3226871
13.98446613888889,2.3227253
13.985855027777777,2.3227444
13.987243916666666,2.3228207
13.988632805555556,2.3228781
13.990021694444444,2.3228397
13.991410583333334,2.3228397
13.992799472222222,2.3227253
13.99418836111111,2.3230116
13.99557725,2.3229544
13.996966138888888,2.3228781
13.998355027777777,2.3229735
13.999743916666667,2.3230498
14.001132805555555,2.3230116
14.002521694444445,2.3227062
14.003910583333333,2.3227062
14.005299472222221,2.322649
14.006688361111111,2.3226299
14.00807725,2.322649
14.009466138888888,2.3227825
14.010855027777778,2.3228588
14.012243916666666,2.3227825
14.013632805555556,2.3227253
14.015021694444444,2.3228207
14.016410583333332,2.3227634
14.017799472222222,2.3228972
14.01918836111111,2.3228588
14.02057725,2.3228588
14.021966138888889,2.3229163
14.023355027777777,2.3228781
14.024743916666667,2.3226681
14.026132805555555,2.3227634
14.027521694444443,2.3227253
14.028910583333333,2.3228016
14.030299472222222,2.3228397
14.031688361111112,2.3229163
14.03307725,2.3229353
14.034466138888888,2.3228397
14.035855027777778,2.3229163
14.037243916666666,2.3230498
14.038632805555554,2.3229926
14.040021694444444,2.3228781
14.041410583333333,2.3229735
14.042799472222223,2.3228588
14.044188361111111,2.3228207
14.04557725,2.3229163
14.04696613888889,2.3228016
14.048355027777777,2.3227825
14.049743916666666,2.3230307
14.051132805555556,2.3231452
14.052521694444444,2.3231642
14.053910583333334,2.3230689
14.055299472222222,2.3230116
14.05668836111111,2.323107
14.05807725,2.323107
14.059466138888888,2.3230879
14.060855027777777,2.3232024
14.062243916666667,2.3230498
14.063632805555555,2.3233171
14.065021694444445,2.3231833
14.066410583333333,2.3232217
14.067799472222221,2.3232598
14.069188361111111,2.3231642
14.07057725,2.3231833
14.071966138888888,2.3232408
14.073355027777778,2.3235843
14.074743916666666,2.3235269
14.076132805555556,2.3235269
14.077521694444444,2.3234887
14.078910583333332,2.3235269
14.080299472222222,2.3235462
14.08168836111111,2.3236034
14.08307725,2.3236606
14.084466138888889,2.3236606
14.085855027777777,2.3235843
14.087243916666667,2.3234124
14.088632805555555,2.3238132
14.090021694444443,2.3237178
14.091410583333333,2.3237941
14.092799472222222,2.323756
14.094188361111112,2.3237751
14.09557725,2.3237369
14.096966138888888,2.3236988
14.098355027777778,2.3236988
14.099743916666666,2.3239279
14.101132805555554,2.3238323
14.102521694444444,2.3238704
14.103910583333333,2.3239088
14.105299472222223,2.3238704
14.106688361111111,2.3239279
14.10807725,2.3237941
14.10946613888889,2.3235843
14.110855027777777,2.3235843
14.112243916666666,2.3235843
14.113632805555556,2.3235843
14.115021694444444,2.3236988
14.116410583333334,2.3238323
14.117799472222222,2.3238897
14.11918836111111,2.323756
14.12057725,2.3238897
14.121966138888888,2.3238323
14.123355027777777,2.3238132
14.124743916666667,2.3238323
14.126132805555555,2.3240805
14.127521694444445,2.3237941
14.128910583333333,2.3239851
14.130299472222221,2.3241758
14.131688361111111,2.3241377
14.13307725,2.3242524
14.134466138888888,2.3245194
14.135855027777778,2.3243668
14.137243916666666,2.3245578
14.138632805555556,2.3243668
14.140021694444444,2.3246531
14.141410583333332,2.3245194
14.142799472222222,2.3245959
14.14418836111111,2.3247676
14.14557725,2.3249013
14.146966138888889,2.3248823
14.148355027777777,2.3248248
14.149743916666667,2.3247867
14.151132805555555,2.3248057
14.152521694444443,2.3249967
14.153910583333333,2.3248823
14.155299472222222,2.3249013
14.156688361111112,2.324863
14.15807725,2.3248823
14.159466138888888,2.3248248
14.160855027777778,2.3248439
14.162243916666666,2.3249204
14.163632805555554,2.3248248
14.165021694444444,2.3247294
14.166410583333333,2.3247485
14.167799472222223,2.3247294
14.169188361111111,2.3247485
14.17057725,2.3248248
14.17196613888889,2.3251302
14.173355027777777,2.3253021
14.174743916666666,2.3251493
14.176132805555556,2.3250539
14.177521694444444,2.3251302
14.178910583333334,2.3251112
14.180299472222222,2.3251112
14.18168836111111,2.3252065
14.18307725,2.325264
14.184466138888888,2.3252831
14.185855027777777,2.3253403
14.187243916666667,2.3253021
14.188632805555555,2.3253021
14.190021694444445,2.325264
14.191410583333333,2.3253403
14.192799472222221,2.3252831
14.194188361111111,2.3252449
14.19557725,2.3253021
14.196966138888888,2.3253593
14.198355027777778,2.3253975
14.199743916666666,2.3252258
14.201132805555556,2.3251493
14.202521694444444,2.3253212
14.203910583333332,2.3251302
14.205299472222222,2.325264
14.20668836111111,2.3252831
14.20807725,2.3253784
14.209466138888889,2.3253021
14.210855027777777,2.3254166
14.212243916666667,2.3254738
14.213632805555555,2.3254356
14.215021694444443,2.3253593
14.216410583333333,2.3253021
14.217799472222222,2.3253212
14.219188361111112,2.3253784
14.22057725,2.3253212
14.221966138888888,2.3253212
14.223355027777778,2.3253021
14.224743916666666,2.3252831
14.226132805555554,2.3253593
14.227521694444444,2.3252258
14.228910583333333,2.3252258
14.230299472222223,2.3252831
14.231688361111111,2.3252831
14.23307725,2.3252065
14.23446613888889,2.3251493
14.235855027777777,2.3254166
14.237243916666666,2.3253975
14.238632805555556,2.3254356
14.240021694444444,2.3254166
14.241410583333334,2.3254738
14.242799472222222,2.325531
14.24418836111111,2.3254929
14.24557725,2.3254356
14.246966138888888,2.3253593
14.248355027777777,2.3253975
14.249743916666667,2.3255119
14.251132805555555,2.3254738
14.252521694444445,2.325531
14.253910583333333,2.3255503
14.255299472222221,2.3254929
14.256688361111111,2.3254547
14.25807725,2.325531
14.259466138888888,2.3256075
14.260855027777778,2.3254738
14.262243916666666,2.3254166
14.263632805555556,2.3256648
14.265021694444444,2.3257029
14.266410583333332,2.3258364
14.267799472222222,2.3257029
14.26918836111111,2.3258364
14.27057725,2.3257792
14.271966138888889,2.3257983
14.273355027777777,2.325913
14.274743916666667,2.3256838
14.276132805555555,2.3260083
14.277521694444443,2.3259702
14.278910583333333,2.3260274
14.280299472222222,2.325932
14.281688361111112,2.3260083
14.28307725,2.3260846
14.284466138888888,2.3260846
14.285855027777778,2.3259892
14.287243916666666,2.3261037
14.288632805555554,2.3260846
14.290021694444444,2.3259702
14.291410583333333,2.3260274
14.292799472222223,2.3259892
14.294188361111111,2.3261609
14.29557725,2.3260655
14.29696613888889,2.3260655
14.298355027777777,2.3261037
14.299743916666666,2.3260655
14.301132805555556,2.3262374
14.302521694444444,2.3261418
14.303910583333334,2.3262374
14.305299472222222,2.3262947
14.30668836111111,2.32639
14.30807725,2.3263519
14.309466138888888,2.3264282
14.310855027777777,2.3265045
14.312243916666667,2.3262756
14.313632805555555,2.3264282
14.315021694444445,2.3264472
14.316410583333333,2.3265426
14.317799472222221,2.3264282
14.319188361111111,2.3264091
14.32057725,2.3264282
14.321966138888888,2.3265045
14.323355027777778,2.32639
14.324743916666666,2.3265235
14.326132805555556,2.3264472
14.327521694444444,2.3265619
14.328910583333332,2.3266573
14.330299472222222,2.3265045
14.33168836111111,2.3267717
14.33307725,2.3265619
14.334466138888889,2.3265619
14.335855027777777,2.3265045
14.337243916666667,2.3266573
14.338632805555555,2.3266573
14.340021694444443,2.3267145
14.341410583333333,2.3267145
14.342799472222222,2.3267717
14.344188361111112,2.3267527
14.34557725,2.3266954
14.346966138888888,2.3266954
14.348355027777778,2.3266191
14.349743916666666,2.3266764
14.351132805555554,2.3267908
14.352521694444444,2.3267145
14.353910583333333,2.3266764
14.355299472222223,2.3265426
14.356688361111111,2.326581
14.35807725,2.3266382
14.35946613888889,2.3266191
14.360855027777777,2.3266573
14.362243916666666,2.3266191
14.363632805555556,2.3267527
14.365021694444444,2.3267717
14.366410583333334,2.3267336
14.367799472222222,2.3268099
14.36918836111111,2.3267717
14.37057725,2.3267908
14.371966138888888,2.3266382
14.373355027777777,2.3267527
14.374743916666667,2.3266764
14.376132805555555,2.3268671
14.377521694444445,2.3269627
14.378910583333333,2.3269818
14.380299472222221,2.3269246
14.381688361111111,2.3268862
14.38307725,2.3270009
14.384466138888888,2.3270199
14.385855027777778,2.3270009
14.387243916666666,2.3270009
14.388632805555556,2.3269055
14.390021694444444,2.3272681
14.391410583333332,2.3273063
14.392799472222222,2.3273253
14.39418836111111,2.3273635
14.39557725,2.3274207
14.396966138888889,2.3271916
14.398355027777777,2.3273635
14.399743916666667,2.3274779
14.401132805555555,2.3274589
14.402521694444443,2.327497
14.403910583333333,2.3274779
14.405299472222222,2.3275542
14.406688361111112,2.3277261
14.40807725,2.3275352
14.409466138888888,2.3276117
14.410855027777778,2.3282223
14.412243916666666,2.3282032
14.413632805555554,2.3281841
14.415021694444444,2.3282607
14.416410583333333,2.3282416
14.417799472222223,2.3282797
14.419188361111111,2.3284132
14.42057725,2.3283942
14.42196613888889,2.3285661
14.423355027777777,2.328356
14.424743916666666,2.3285661
14.426132805555556,2.3285086
14.427521694444444,2.3283942
14.428910583333334,2.3283942
14.430299472222222,2.3283942
14.43168836111111,2.3283751
14.43307725,2.3284323
14.434466138888888,2.3283751
14.435855027777777,2.3282607
14.437243916666667,2.3284705
14.438632805555555,2.3284705
14.440021694444445,2.3284895
14.441410583333333,2.3286042
14.442799472222221,2.3284514
14.444188361111111,2.3284132
14.44557725,2.3284705
14.446966138888888,2.3285661
14.448355027777778,2.3285086
14.449743916666666,2.3284705
14.451132805555556,2.3286233
14.452521694444444,2.3286614
14.453910583333332,2.3286614
14.455299472222222,2.3284323
14.45668836111111,2.3285851
14.45807725,2.3284895
14.459466138888889,2.3287377
14.460855027777777,2.3286996
14.462243916666667,2.328795
14.463632805555555,2.3287377
14.465021694444443,2.3286996
14.466410583333333,2.3288522
14.467799472222222,2.3286996
14.469188361111112,2.328795
14.47057725,2.3288331
14.471966138888888,2.328814
14.473355027777778,2.3288713
14.474743916666666,2.328814
14.476132805555554,2.3288903
14.477521694444444,2.3289859
14.478910583333333,2.3292148
14.480299472222223,2.3291004
14.481688361111111,2.3290431
14.48307725,2.3290431
14.48446613888889,2.3289859
14.485855027777777,2.329005
14.487243916666666,2.3290622
14.488632805555556,2.329005
14.490021694444444,2.3290241
14.491410583333334,2.3291194
14.492799472222222,2.3289669
14.49418836111111,2.3290813
14.49557725,2.3291004
14.496966138888888,2.3291194
14.498355027777777,2.3290813
14.499743916666667,2.3291576
14.501132805555555,2.3291004
14.502521694444445,2.3291767
14.503910583333333,2.3289859
14.505299472222221,2.3290431
14.506688361111111,2.3292148
14.50807725,2.3291767
14.509466138888888,2.3292723
14.510855027777778,2.3291957
14.512243916666666,2.3293676
14.513632805555556,2.3293867
14.515021694444444,2.3292913
14.516410583333332,2.3292532
14.517799472222222,2.3293295
14.51918836111111,2.3292341
14.52057725,2.3293676
14.521966138888889,2.3292532
14.523355027777777,2.3293486
14.524743916666667,2.3292913
14.526132805555555,2.3293486
14.527521694444443,2.3292532
14.528910583333333,2.3294439
14.530299472222222,2.3293104
14.531688361111112,2.3294249
14.53307725,2.3293867
14.534466138888888,2.3294439
14.535855027777778,2.3294058
14.537243916666666,2.3294058
14.538632805555554,2.3293104
14.540021694444444,2.3294249
14.541410583333333,2.3294439
14.542799472222223,2.3293867
14.544188361111111,2.3295012
14.54557725,2.3294249
14.54696613888889,2.3294439
14.548355027777777,2.3293676
14.549743916666666,2.3294058
14.551132805555556,2.3294249
14.552521694444444,2.329654
14.553910583333334,2.329654
14.555299472222222,2.3296349
14.55668836111111,2.3296731
14.55807725,2.3297493
14.559466138888888,2.3296921
14.560855027777777,2.329654
14.562243916666667,2.329654
14.563632805555555,2.3296921
14.565021694444445,2.3296921
14.566410583333333,2.3297303
14.567799472222221,2.3296349
14.569188361111111,2.3297112
14.57057725,2.3296158
14.571966138888888,2.3296349
14.573355027777778,2.3297493
14.574743916666666,2.3297875
14.576132805555556,2.3296158
14.577521694444444,2.3297303
14.578910583333332,2.3297303
14.580299472222222,2.3297875
14.58168836111111,2.3299212
14.58307725,2.3298066
14.584466138888889,2.3298447
14.585855027777777,2.3300166
14.587243916666667,2.3299785
14.588632805555555,2.3299785
14.590021694444443,2.3300357
14.591410583333333,2.3299975
14.592799472222222,2.3298447
14.594188361111112,2.3300738
14.59557725,2.3299785
14.596966138888888,2.3300166
14.598355027777778,2.3300166
14.599743916666666,2.3302648
14.601132805555554,2.3303602
14.602521694444444,2.330303
14.603910583333333,2.3302839
14.605299472222223,2.3305128
14.606688361111111,2.3302264
14.60807725,2.3303792
14.60946613888889,2.3304174
14.610855027777777,2.3305318
14.612243916666666,2.3306656
14.613632805555556,2.3304746
14.615021694444444,2.3307991
14.616410583333334,2.3307991
14.617799472222222,2.3308754
14.61918836111111,2.3309519
14.62057725,2.3308372
14.621966138888888,2.330971
14.623355027777777,2.330971
14.624743916666667,2.3309901
14.626132805555555,2.3310091
14.627521694444445,2.3310473
14.628910583333333,2.3310091
14.630299472222221,2.3310282
14.631688361111111,2.3311045
14.63307725,2.3311427
14.634466138888888,2.3309519
14.635855027777778,2.330971
14.637243916666666,2.3310282
14.638632805555556,2.3307991
14.640021694444444,2.3309519
14.641410583333332,2.3308182
14.642799472222222,2.3308372
14.64418836111111,2.3308563
14.64557725,2.3307228
14.646966138888889,2.3308372
14.648355027777777,2.3308945
14.649743916666667,2.3308182
14.651132805555555,2.3307991
14.652521694444443,2.3307419
14.653910583333333,2.330761
14.655299472222222,2.33078
14.656688361111112,2.3307991
14.65807725,2.330761
14.659466138888888,2.3308563
14.660855027777778,2.3308372
14.662243916666666,2.3308945
14.663632805555554,2.33078
14.665021694444444,2.330971
14.666410583333333,2.3308563
14.667799472222223,2.3309519
14.669188361111111,2.3309519
14.67057725,2.3309519
14.67196613888889,2.3310854
14.673355027777777,2.3309329
14.674743916666666,2.3308372
14.676132805555556,2.3311236
14.677521694444444,2.3311045
14.678910583333334,2.3311427
14.680299472222222,2.3312764
14.68168836111111,2.331238
14.68307725,2.3313909
14.684466138888888,2.3311999
14.685855027777777,2.3312573
14.687243916666667,2.3312573
14.688632805555555,2.3312573
14.690021694444445,2.3313909
14.691410583333333,2.3316391
14.692799472222221,2.3315625
14.694188361111111,2.33162
14.69557725,2.3317153
14.696966138888888,2.3318107
14.698355027777778,2.3317153
14.699743916666666,2.3317726
14.701132805555556,2.3318489
14.702521694444444,2.3317153
14.703910583333332,2.3317916
14.705299472222222,2.3321352
14.70668836111111,2.3321352
14.70807725,2.3320398
14.709466138888889,2.3321924
14.710855027777777,2.3321924
14.712243916666667,2.332078
14.713632805555555,2.3321733
14.715021694444443,2.3321543
14.716410583333333,2.332078
14.717799472222222,2.332269
14.719188361111112,2.3322306
14.72057725,2.3321543
14.721966138888888,2.3322306
14.723355027777778,2.3322115
14.724743916666666,2.3321733
14.726132805555554,2.3322499
14.727521694444444,2.3322499
14.728910583333333,2.3321733
14.730299472222223,2.332269
14.731688361111111,2.3323262
14.73307725,2.3323834
14.73446613888889,2.3323452
14.735855027777777,2.3323643
14.737243916666666,2.3324025
14.738632805555556,2.3323834
14.740021694444444,2.3323834
14.741410583333334,2.3323071
14.742799472222222,2.3323071
14.74418836111111,2.332288
14.74557725,2.3323452
14.746966138888888,2.332269
14.748355027777777,2.3323834
14.749743916666667,2.3324025
14.751132805555555,2.3324215
14.752521694444445,2.3323071
14.753910583333333,2.3323643
14.755299472222221,2.3324406
14.756688361111111,2.3323262
14.75807725,2.332269
14.759466138888888,2.3324406
14.760855027777778,2.3324406
14.762243916666666,2.3323452
14.763632805555556,2.3324788
14.765021694444444,2.3324788
14.766410583333332,2.3324597
14.767799472222222,2.3324597
14.76918836111111,2.3323834
14.77057725,2.3324025
14.771966138888889,2.3324597
14.773355027777777,2.3323262
14.774743916666667,2.3324788
14.776132805555555,2.3324406
14.777521694444443,2.3325551
14.778910583333333,2.3323452
14.780299472222222,2.3324788
14.781688361111112,2.3324215
14.78307725,2.3324025
14.784466138888888,2.3323262
14.785855027777778,2.3324788
14.787243916666666,2.332269
14.788632805555554,2.3324597
14.790021694444444,2.3322306
14.791410583333333,2.3322306
14.792799472222223,2.3324788
14.794188361111111,2.3325934
14.79557725,2.3326316
14.79696613888889,2.3325934
14.798355027777777,2.3327079
14.799743916666666,2.3324978
14.801132805555556,2.332536
14.802521694444444,2.3325741
14.803910583333334,2.3325551
14.805299472222222,2.3328223
14.80668836111111,2.3328986
14.80807725,2.3330896
14.809466138888888,2.3330705
14.810855027777777,2.3331277
14.812243916666667,2.3331659
14.813632805555555,2.333185
14.815021694444445,2.3332806
14.816410583333333,2.3332996
14.817799472222221,2.3332615
14.819188361111111,2.3332422
14.82057725,2.3332615
14.821966138888888,2.333185
14.823355027777778,2.3331659
14.824743916666666,2.3332806
14.826132805555556,2.3333759
14.827521694444444,2.3332422
14.828910583333332,2.3333187
14.830299472222222,2.3333378
14.83168836111111,2.3335667
14.83307725,2.3334713
14.834466138888889,2.3334332
14.835855027777777,2.3335285
14.837243916666667,2.3337004
14.838632805555555,2.3336241
14.840021694444443,2.3336813
14.841410583333333,2.3338721
14.842799472222222,2.3337767
14.844188361111112,2.3341393
14.84557725,2.334044
14.846966138888888,2.3340631
14.848355027777778,2.3341966
14.849743916666666,2.3341203
14.851132805555554,2.3341584
14.852521694444444,2.3342538
14.853910583333333,2.3342156
14.855299472222223,2.3341393
14.856688361111111,2.3342731
14.85807725,2.3342731
14.85946613888889,2.3343494
14.860855027777777,2.3343494
14.862243916666666,2.3343685
14.863632805555556,2.3344066
14.865021694444444,2.3343303
14.866410583333334,2.3344066
14.867799472222222,2.3342731
14.86918836111111,2.3343112
14.87057725,2.3344066
14.871966138888888,2.3345592
14.873355027777777,2.334502
14.874743916666667,2.3344257
14.876132805555555,2.3346167
14.877521694444445,2.3345211
14.878910583333333,2.3343875
14.880299472222221,2.3343875
14.881688361111111,2.334502
14.88307725,2.3345211
14.884466138888888,2.3346739
14.885855027777778,2.3346167
14.887243916666666,2.3347311
14.888632805555556,2.3348265
14.890021694444444,2.3347502
14.891410583333332,2.334693
14.892799472222222,2.3347883
14.89418836111111,2.3348455
14.89557725,2.3347692
14.896966138888889,2.3347502
14.898355027777777,2.3347311
14.899743916666667,2.3347692
14.901132805555555,2.3348265
14.902521694444443,2.3349602
14.903910583333333,2.3348646
14.905299472222222,2.3349411
14.906688361111112,2.3349602
14.90807725,2.3348837
14.909466138888888,2.3350556
14.910855027777778,2.33517
14.912243916666666,2.335151
14.913632805555554,2.3353229
14.915021694444444,2.3352273
14.916410583333333,2.3351891
14.917799472222223,2.3352273
14.919188361111111,2.3353038
14.92057725,2.3354754
14.92196613888889,2.3354373
14.923355027777777,2.3354564
14.924743916666666,2.3354182
14.926132805555556,2.3354564
14.927521694444444,2.3353992
14.928910583333334,2.3358381
14.930299472222222,2.3357999
14.93168836111111,2.3358381
14.93307725,2.3359718
14.934466138888888,2.3359909
14.935855027777777,2.3359144
14.937243916666667,2.3359718
14.938632805555555,2.33601
14.940021694444445,2.3359337
14.941410583333333,2.3359909
14.942799472222221,2.3361053
14.944188361111111,2.3361053
14.94557725,2.3360481
14.946966138888888,2.3361435
14.948355027777778,2.3360672
14.949743916666666,2.3360672
14.951132805555556,2.3361626
14.952521694444444,2.3362389
14.953910583333332,2.3362389
14.955299472222222,2.3362007
14.95668836111111,2.3362198
14.95807725,2.3362007
14.959466138888889,2.3362198
14.960855027777777,2.3363345
14.962243916666667,2.3364489
14.963632805555555,2.3363726
14.965021694444443,2.3363345
14.966410583333333,2.3363535
14.967799472222222,2.3363535
14.969188361111112,2.3364298
14.97057725,2.3364298
14.971966138888888,2.3364298
14.973355027777778,2.3363345
14.974743916666666,2.3365443
14.976132805555554,2.336468
14.977521694444444,2.3364489
14.978910583333333,2.3366208
14.980299472222223,2.3365443
14.981688361111111,2.3366399
14.98307725,2.3362963
14.98446613888889,2.3365252
14.985855027777777,2.3365443
14.987243916666666,2.3365633
14.988632805555556,2.3365633
14.990021694444444,2.3365824
14.991410583333334,2.3366017
14.992799472222222,2.3364871
14.99418836111111,2.3363917
14.99557725,2.3365824
14.996966138888888,2.336678
14.998355027777777,2.3366399
14.999743916666667,2.336659
15.001132805555555,2.336659
15.002521694444445,2.3365633
15.003910583333333,2.3367734
15.005299472222221,2.3366208
15.006688361111111,2.3368497
15.00807725,2.3368115
15.009466138888888,2.3368306
15.010855027777778,2.3369069
15.012243916666666,2.3368497
15.013632805555556,2.336926
15.015021694444444,2.3368306
15.016410583333332,2.3368497
15.017799472222222,2.3369069
15.01918836111111,2.3369834
15.02057725,2.3368497
15.021966138888889,2.337136
15.023355027777777,2.3371551
15.024743916666667,2.3372505
15.026132805555555,2.3373079
15.027521694444443,2.3372314
15.028910583333333,2.3371551
15.030299472222222,2.3370979
15.031688361111112,2.3371933
15.03307725,2.3371742
15.034466138888888,2.3372123
15.035855027777778,2.3372314
15.037243916666666,2.3371742
15.038632805555554,2.3370788
15.040021694444444,2.3372889
15.041410583333333,2.3372123
15.042799472222223,2.3371742
15.044188361111111,2.3372314
15.04557725,2.3370979
15.04696613888889,2.3371551
15.048355027777777,2.3371933
15.049743916666666,2.3370407
15.051132805555556,2.3372889
15.052521694444444,2.337136
15.053910583333334,2.337136
15.055299472222222,2.337136
15.05668836111111,2.3370788
15.05807725,2.3373079
15.059466138888888,2.337117
15.060855027777777,2.3370979
15.062243916666667,2.3369644
15.063632805555555,2.3370216
15.065021694444445,2.3369834
15.066410583333333,2.3370216
15.067799472222221,2.336926
15.069188361111111,2.3370216
15.07057725,2.3368306
15.071966138888888,2.3366971
15.073355027777778,2.3369069
15.074743916666666,2.3367543
15.076132805555556,2.336659
15.077521694444444,2.3368115
15.078910583333332,2.3366208
15.080299472222222,2.3366399
15.08168836111111,2.336659
15.08307725,2.336678
15.084466138888889,2.3367734
15.085855027777777,2.3367352
15.087243916666667,2.3367543
15.088632805555555,2.3367734
15.090021694444443,2.3366208
15.091410583333333,2.3366399
15.092799472222222,2.3367543
15.094188361111112,2.3371742
15.09557725,2.3370597
15.096966138888888,2.3370216
15.098355027777778,2.3368688
15.099743916666666,2.3369644
15.101132805555554,2.3369834
15.102521694444444,2.3369834
15.103910583333333,2.3369644
15.105299472222223,2.3370216
15.106688361111111,2.3370788
15.10807725,2.3370979
15.10946613888889,2.3370788
15.110855027777777,2.3370216
15.112243916666666,2.3370788
15.113632805555556,2.3369644
15.115021694444444,2.3369644
15.116410583333334,2.3368878
15.117799472222222,2.336926
15.11918836111111,2.3369069
15.12057725,2.337117
15.121966138888888,2.3370025
15.123355027777777,2.3370407
15.124743916666667,2.337136
15.126132805555555,2.3369644
15.127521694444445,2.3370407
15.128910583333333,2.3370597
15.130299472222221,2.3370788
15.131688361111111,2.3370025
15.13307725,2.337136
15.134466138888888,2.3369834
15.135855027777778,2.3370597
15.137243916666666,2.3370025
15.138632805555556,2.3369834
15.140021694444444,2.3370979
15.141410583333332,2.3370407
15.142799472222222,2.336926
15.14418836111111,2.3368115
15.14557725,2.3368688
15.146966138888889,2.3368878
15.148355027777777,2.3368306
15.149743916666667,2.3370216
15.151132805555555,2.336926
15.152521694444443,2.3370216
15.153910583333333,2.3369644
15.155299472222222,2.3370979
15.156688361111112,2.3368688
15.15807725,2.336926
15.159466138888888,2.3368688
15.160855027777778,2.3368878
15.162243916666666,2.3368688
15.163632805555554,2.3362772
15.165021694444444,2.3307991
15.166410583333333,2.299859
15.167799472222223,2.3132582
15.169188361111111,2.3348074
15.17057725,2.3359337
15.17196613888889,2.3364298
15.173355027777777,2.3366399
15.174743916666666,2.3369069
15.176132805555556,2.3371551
15.177521694444444,2.3373079
15.178910583333334,2.3373842
15.180299472222222,2.3374033
15.18168836111111,2.3376896
15.18307725,2.3398845
15.184466138888888,2.3401899
15.185855027777777,2.3401327
15.187243916666667,2.3403046
15.188632805555555,2.3406672
15.190021694444445,2.3405335
15.191410583333333,2.3406863
15.192799472222221,2.3407435
15.194188361111111,2.3407054
15.19557725,2.3409152
15.196966138888888,2.341068
15.198355027777778,2.3409152
15.199743916666666,2.3411443
15.201132805555556,2.3411252
15.202521694444444,2.3410871
15.203910583333332,2.3412397
15.205299472222222,2.3411825
15.20668836111111,2.3413544
15.20807725,2.3412971
15.209466138888889,2.3414116
15.210855027777777,2.3414307
15.212243916666667,2.3414307
15.213632805555555,2.3414116
15.215021694444443,2.3416979
15.216410583333333,2.3417933
15.217799472222222,2.3419077
15.219188361111112,2.3419077
15.22057725,2.3419652
15.221966138888888,2.3420224
15.223355027777778,2.3418887
15.224743916666666,2.3419459
15.226132805555554,2.3420033
15.227521694444444,2.3419459
15.228910583333333,2.3420606
15.230299472222223,2.3421941
15.231688361111111,2.3421559
15.23307725,2.3421369
15.23446613888889,2.3421559
15.235855027777777,2.3422704
15.237243916666666,2.3422322
15.238632805555556,2.3421941
15.240021694444444,2.3421369
15.241410583333334,2.3423278
15.242799472222222,2.3424041
15.24418836111111,2.3422704
15.24557725,2.3423851
15.246966138888888,2.3423278
15.248355027777777,2.3424613
15.249743916666667,2.342366
15.251132805555555,2.3426905
15.252521694444445,2.3426139
15.253910583333333,2.3427286
15.255299472222221,2.3427668
15.256688361111111,2.3426332
15.25807725,2.3428431
15.259466138888888,2.3427858
15.260855027777778,2.342824
15.262243916666666,2.3428812
15.263632805555556,2.3430912
15.265021694444444,2.343034
15.266410583333332,2.3430531
15.267799472222222,2.3430912
15.26918836111111,2.3429768
15.27057725,2.3430912
15.271966138888889,2.3431675
15.273355027777777,2.343282
15.274743916666667,2.3431103
15.276132805555555,2.3431675
15.277521694444443,2.3433204
15.278910583333333,2.3433776
15.280299472222222,2.343282
15.281688361111112,2.3433013
15.28307725,2.3433394
15.284466138888888,2.3433013
15.285855027777778,2.3433776
15.287243916666666,2.3433204
15.288632805555554,2.3433394
15.290021694444444,2.3435302
15.291410583333333,2.3435493
15.292799472222223,2.3435493
15.294188361111111,2.3435874
15.29557725,2.3435302
15.29696613888889,2.3437021
15.298355027777777,2.3437784
15.299743916666666,2.3436449
15.301132805555556,2.3437593
15.302521694444444,2.3438737
15.303910583333334,2.3437212
15.305299472222222,2.343683
15.30668836111111,2.3439119
15.30807725,2.3439119
15.309466138888888,2.3438737
15.310855027777777,2.3438165
15.312243916666667,2.34395
15.313632805555555,2.343931
15.315021694444445,2.346107
15.316410583333333,2.3458779
15.317799472222221,2.3461642
15.319188361111111,2.3435683
15.32057725,2.343931
15.321966138888888,2.3438737
15.323355027777778,2.3439884
15.324743916666666,2.3442745
15.326132805555556,2.3446565
15.327521694444444,2.3446755
15.328910583333332,2.3447709
15.330299472222222,2.3447709
15.33168836111111,2.3448091
15.33307725,2.3447137
15.334466138888889,2.3448472
15.335855027777777,2.3447328
15.337243916666667,2.3448472
15.338632805555555,2.3449044
15.340021694444443,2.3450191
15.341410583333333,2.345
15.342799472222222,2.344981
15.344188361111112,2.3450191
15.34557725,2.3450191
15.346966138888888,2.3452098
15.348355027777778,2.3451526
15.349743916666666,2.3452098
15.351132805555554,2.3450763
15.352521694444444,2.3452098
15.353910583333333,2.3453052
15.355299472222223,2.3452671
15.356688361111111,2.3453245
15.35807725,2.3453627
15.35946613888889,2.3453817
15.360855027777777,2.3454199
15.362243916666666,2.3454008
15.363632805555556,2.3453245
15.365021694444444,2.3453817
15.366410583333334,2.3453052
15.367799472222222,2.345
15.36918836111111,2.3450382
15.37057725,2.3450382
15.371966138888888,2.3450191
15.373355027777777,2.3448663
15.374743916666667,2.3448663
15.376132805555555,2.3448472
15.377521694444445,2.3448091
15.378910583333333,2.3448091
15.380299472222221,2.3446755
15.381688361111111,2.3447709
15.38307725,2.3448472
15.384466138888888,2.34479
15.385855027777778,2.3449616
15.387243916666666,2.3450572
15.388632805555556,2.3449044
15.390021694444444,2.3449616
15.391410583333332,2.3451526
15.392799472222222,2.3449426
15.39418836111111,2.3450763
15.39557725,2.3450572
15.396966138888889,2.3451335
15.398355027777777,2.3450572
15.399743916666667,2.3450572
15.401132805555555,2.3451717
15.402521694444443,2.3451717
15.403910583333333,2.3450763
15.405299472222222,2.3450572
15.406688361111112,2.3452289
15.40807725,2.3451908
15.409466138888888,2.3451526
15.410855027777778,2.3450382
15.412243916666666,2.345248
15.413632805555554,2.3452289
15.415021694444444,2.3451908
15.416410583333333,2.3451145
15.417799472222223,2.3451145
15.419188361111111,2.3452671
15.42057725,2.3453052
15.42196613888889,2.3451145
15.423355027777777,2.3453052
15.424743916666666,2.3452289
15.426132805555556,2.3452671
15.427521694444444,2.3451908
15.428910583333334,2.3451908
15.430299472222222,2.3451908
15.43168836111111,2.3451526
15.43307725,2.3451145
15.434466138888888,2.3453052
15.435855027777777,2.3451717
15.437243916666667,2.345248
15.438632805555555,2.3451335
15.440021694444445,2.3450572
15.441410583333333,2.3449426
15.442799472222221,2.3452098
15.444188361111111,2.3450763
15.44557725,2.3450191
15.446966138888888,2.3455915
15.448355027777778,2.3455534
15.449743916666666,2.3454962
15.451132805555556,2.3455915
15.452521694444444,2.3455534
15.453910583333332,2.3455534
15.455299472222222,2.3456106
15.45668836111111,2.3458588
15.45807725,2.3458397
15.459466138888889,2.3457634
15.460855027777777,2.3458207
15.462243916666667,2.3458397
15.463632805555555,2.3456872
15.465021694444443,2.345649
15.466410583333333,2.345649
15.467799472222222,2.3459926
15.469188361111112,2.3458779
15.47057725,2.3458207
15.471966138888888,2.3462214
15.473355027777778,2.3458207
15.474743916666666,2.3458016
15.476132805555554,2.3458779
15.477521694444444,2.3458207
15.478910583333333,2.3450572
15.480299472222223,2.3419268
15.481688361111111,2.3417933
15.48307725,2.3174381
15.48446613888889,2.3387775
15.485855027777777,2.3387394
15.487243916666666,2.338243
15.488632805555556,2.3437593
15.490021694444444,2.344141
15.491410583333334,2.3423469
15.492799472222222,2.3362963
15.49418836111111,2.3426332
15.49557725,2.3280697
15.496966138888888,2.3207021
15.498355027777777,2.3060622
15.499743916666667,2.3144605
15.501132805555555,2.2968242
15.502521694444445,2.3012524
15.503910583333333,2.3027985
15.505299472222221,2.3121893
15.506688361111111,2.2969959
15.50807725,2.316942
15.509466138888888,2.300756
15.510855027777778,2.2537446
15.512243916666666,2.2552335
15.513632805555556,2.2601388
15.515021694444444,2.266304
15.516410583333332,2.274435
15.517799472222222,2.2728317
15.51918836111111,2.2742441
15.52057725,2.2914798
15.521966138888889,2.2923386
15.523355027777777,2.2924533
15.524743916666667,2.3006988
15.526132805555555,2.2929304
15.527521694444443,2.2818027
15.528910583333333,2.2979503
15.530299472222222,2.2949154
15.531688361111112,2.2702167
15.53307725,2.2857919
15.534466138888888,2.288903
15.535855027777778,2.3064823
15.537243916666666,2.2925868
15.538632805555554,2.3091736
15.540021694444444,2.3080091
15.541410583333333,2.2660367
15.542799472222223,2.2648723
15.544188361111111,2.2876623
15.54557725,2.3001645
15.54696613888889,2.2965951
15.548355027777777,2.2890749
15.549743916666666,2.2808292
15.551132805555556,2.2938657
15.552521694444444,2.2776034
15.553910583333334,2.2827761
15.555299472222222,2.266953
15.55668836111111,2.2839785
15.55807725,2.2713811
15.559466138888888,2.2836349
15.560855027777777,2.2820127
15.562243916666667,2.2801611
15.563632805555555,2.2858872
15.565021694444445,2.2704268
15.566410583333333,2.2896473
15.567799472222221,2.2877769
15.569188361111111,2.2873569
15.57057725,2.2881777
15.571966138888888,2.2937703
15.573355027777778,2.2964425
15.574743916666666,2.2998018
15.576132805555556,2.2854483
15.577521694444444,2.2951255
15.578910583333332,2.2840166
15.580299472222222,2.2852573
15.58168836111111,2.2785196
15.58307725,2.2752748
15.584466138888889,2.2813253
15.585855027777777,2.2668192
15.587243916666667,2.2740915
15.588632805555555,2.2749503
15.590021694444443,2.2772026
15.591410583333333,2.2797604
15.592799472222222,2.2798939
15.594188361111112,2.2852001
15.59557725,2.2860208
15.596966138888888,2.2879486
15.598355027777778,2.2759047
15.599743916666666,2.2758665
15.601132805555554,2.2760575
15.602521694444444,2.2698922
15.603910583333333,2.2739961
15.605299472222223,2.2076685
15.606688361111111,2.2823753
15.60807725,2.2798748
15.60946613888889,2.276649
15.610855027777777,2.2829859
15.612243916666666,2.2687089
15.613632805555556,2.2828715
15.615021694444444,2.2808292
15.616410583333334,2.2855818
15.617799472222222,2.2626393
15.61918836111111,2.2654831
15.62057725,2.2713621
15.621966138888888,2.2814019
15.623355027777777,2.2760003
15.624743916666667,2.2787678
15.626132805555555,2.270026
15.627521694444445,2.2683654
15.628910583333333,2.2799129
15.630299472222221,2.2605779
15.631688361111111,2.2731562
15.63307725,2.2661321
15.634466138888888,2.2659605
15.635855027777778,2.2672009
15.637243916666666,2.2513778
15.638632805555556,2.2667048
15.640021694444444,2.2718964
15.641410583333332,2.2701595
15.642799472222222,2.2712092
15.64418836111111,2.2637463
15.64557725,2.2760766
15.646966138888889,2.2823179
15.648355027777777,2.2800276
15.649743916666667,2.2065804
15.651132805555555,2.2000527
15.652521694444443,2.2795312
15.653910583333333,2.276191
15.655299472222222,2.1779881
15.656688361111112,2.1750104
15.65807725,2.1719375
15.659466138888888,2.1728728
15.660855027777778,2.1687307
15.662243916666666,2.1893449
15.663632805555554,2.1829317
15.665021694444444,2.1956055
15.666410583333333,2.2015605
15.667799472222223,2.2093098
15.669188361111111,2.2365663
15.67057725,2.2184336
15.67196613888889,2.2180901
15.673355027777777,2.2604442
15.674743916666666,2.2343521
15.676132805555556,2.2418151
15.677521694444444,2.252733
15.678910583333334,2.2455945
15.680299472222222,2.2579248
15.68168836111111,2.2726409
15.68307725,2.2724118
15.684466138888888,2.268079
15.685855027777777,2.271152
15.687243916666667,2.2747595
15.688632805555555,2.2760575
15.690021694444445,2.2645478
15.691410583333333,2.2563024
15.692799472222221,2.2655213
15.694188361111111,2.270503
15.69557725,2.266552
15.696966138888888,2.2653306
15.698355027777778,2.2541072
15.699743916666666,2.271801
15.701132805555556,2.2723927
15.702521694444444,2.2602534
15.703910583333332,2.2599289
15.705299472222222,2.2704458
15.70668836111111,2.270942
15.70807725,2.2702932
15.709466138888889,2.2666285
15.710855027777777,2.2696824
15.711439472222223,2.2726791
15.711439527777777,2.2720683
15.761115805555557,2.2188725
15.76111586111111,2.2190442
15.76112925,2.2185481
15.76251813888889,2.2622192
15.763907027777778,2.2936556
15.765295916666668,2.2583065
15.766684805555556,2.2619522
15.768073694444444,2.2729845
15.769462583333334,2.2582684
15.770851472222223,2.2611885
15.77224036111111,2.2566841
15.77362925,2.2383032
15.775018138888889,2.2508051
15.776407027777779,2.2526758
15.777795916666667,2.2568941
15.779184805555555,2.2487819
15.780573694444445,2.2589746
15.781962583333334,2.2456899
15.783351472222222,2.2646625
15.784740361111112,2.2533057
15.78612925,2.2653306
15.78751813888889,2.2582109
15.788907027777778,2.2454607
15.790295916666667,2.2589364
15.791684805555557,2.2504044
15.793073694444445,2.2370815
15.794462583333335,2.2665138
15.795851472222223,2.2555962
15.797240361111111,2.2460144
15.798629250000001,2.2691288
15.80001813888889,2.2665329
15.801407027777778,2.2707322
15.802795916666668,2.2350011
15.804184805555556,2.2486484
15.805573694444446,2.2487628
15.806962583333334,2.2346194
15.808351472222222,2.2433422
15.809740361111112,2.2531528
15.81112925,2.2478275
15.812518138888889,2.233856
15.813907027777779,2.2269082
15.815295916666667,2.2413571
15.816684805555557,2.2166774
15.818073694444445,2.2441628
15.819462583333333,2.244621
15.820851472222223,2.2440865
15.822240361111112,2.2495837
15.82362925,2.2444491
15.82501813888889,2.2436094
15.826407027777778,2.2423878
15.827795916666668,2.2408228
15.829184805555556,2.2448692
15.830573694444444,2.2473886
15.831962583333334,2.2739196
15.833351472222223,2.265655
15.83474036111111,2.269186
15.83612925,2.2451363
15.837518138888889,2.2502899
15.838907027777779,2.2206094
15.840295916666667,2.2505763
15.841684805555555,2.2559016
15.843073694444445,2.1881042
15.844462583333334,2.225095
15.845851472222222,2.2272899
15.847240361111112,2.2434375
15.84862925,2.2468925
15.85001813888889,2.2646625
15.851407027777778,2.2466633
15.852795916666667,2.2510724
15.854184805555557,2.2514541
15.855573694444445,2.2520459
15.856962583333335,2.2546799
15.858351472222223,2.2590508
15.859740361111111,2.2580202
15.861129250000001,2.2532294
15.86251813888889,2.2575238
15.863907027777778,2.2492592
15.865295916666668,2.2475605
15.866684805555556,2.2528474
15.868073694444446,2.2575047
15.869462583333334,2.259547
15.870851472222222,2.254909
15.872240361111112,2.2424068
15.87362925,2.2412808
15.875018138888889,2.2436666
15.876407027777779,2.2150552
15.877795916666667,2.2338941
15.879184805555557,2.1252887
15.880573694444445,2.1162605
15.881962583333333,2.1179402
15.883351472222223,2.1292777
15.884740361111112,2.1333816
15.88612925,2.1501019
15.88751813888889,2.1483841
15.888907027777778,2.1491094
15.890295916666668,2.1495101
15.891684805555556,2.1528504
15.893073694444444,2.1544538
15.894462583333334,2.1617832
15.895851472222223,2.1587865
15.89724036111111,2.162642
15.89862925,2.1635392
15.900018138888889,2.1660204
15.901407027777779,2.1672993
15.902795916666667,2.1700478
15.904184805555555,2.1731398
15.905573694444445,2.1710021
15.906962583333334,2.1731207
15.908351472222222,2.1730444
15.909740361111112,2.173388
15.91112925,2.1727962
15.91251813888889,2.174247
15.913907027777778,2.1732545
15.915295916666667,2.1747622
15.916684805555557,2.1773391
15.918073694444445,2.1780834
15.919462583333335,2.1771672
15.920851472222223,2.1756785
15.922240361111111,2.1765947
15.923629250000001,2.1809847
15.92501813888889,2.1852412
15.926407027777778,2.1890013
15.927795916666668,2.1910245
15.929184805555556,2.1895165
15.930573694444446,2.1916163
15.931962583333334,2.194422
15.933351472222222,2.1966171
15.934740361111112,2.2040038
15.93612925,2.2015796
15.937518138888889,2.1990221
15.938907027777779,2.1990793
15.940295916666667,2.1986403
15.941684805555557,2.2030876
15.943073694444445,2.2040801
15.944462583333333,2.2057025
15.945851472222223,2.2084701
15.947240361111112,2.2084701
15.94862925,2.2860782
15.95001813888889,2.2922432
15.951407027777778,2.2804856
15.952795916666668,2.2334743
15.954184805555556,2.2530766
15.955573694444444,2.2359746
15.956962583333334,2.2383604
15.958351472222223,2.2214494
15.95974036111111,2.2122111
15.96112925,2.2235107
15.962518138888889,2.2225945
15.963907027777779,2.2171738
15.965295916666667,2.2249613
15.966684805555555,2.2284734
15.968073694444445,2.2252858
15.969462583333334,2.1924942
15.970851472222222,2.2440293
15.972240361111112,2.1757548
15.97362925,2.1910245
15.97501813888889,2.1902418
15.976407027777778,2.2005107
15.977795916666667,2.2065041
15.979184805555557,2.2087374
15.980573694444445,2.2125738
15.981962583333335,2.2102261
15.983351472222223,2.2191398
15.984740361111111,2.289552
15.986129250000001,2.2440293
15.98751813888889,2.2426932
15.988907027777778,2.2283969
15.990295916666668,2.2357264
15.991684805555556,2.2212012
15.993073694444446,2.2421589
15.994462583333334,2.2774127
15.995851472222222,2.2364326
15.997240361111112,2.2350965
15.99862925,2.2480185
16.00001813888889,2.2309737
16.001407027777777,2.2494881
16.002795916666667,2.2567031
16.004184805555557,2.2564359
16.005573694444443,2.2425597
16.006962583333333,2.2466443
16.008351472222223,2.2407272
16.009740361111113,2.2276144
16.01112925,2.2426932
16.01251813888889,2.1493382
16.01390702777778,2.1594737
16.015295916666666,2.256665
16.016684805555556,2.2476368
16.018073694444446,2.2376542
16.019462583333333,2.2332451
16.020851472222223,2.2177465
16.022240361111113,2.2471786
16.02362925,2.2388759
16.02501813888889,2.229943
16.02640702777778,2.2059124
16.027795916666665,2.2196932
16.029184805555555,2.2221746
16.030573694444445,2.2260492
16.031962583333335,2.2199986
16.033351472222222,2.2090046
16.034740361111112,2.2136426
16.036129250000002,2.2143297
16.03751813888889,2.216754
16.03890702777778,2.2163148
16.04029591666667,2.2258584
16.041684805555555,2.228626
16.043073694444445,2.2177274
16.044462583333335,2.2164485
16.04585147222222,2.2168303
16.04724036111111,2.2112186
16.04862925,2.2154751
16.05001813888889,2.2747786
16.051407027777778,2.219846
16.052795916666668,2.2003772
16.054184805555558,2.1985447
16.055573694444444,2.2175937
16.056962583333334,2.2320426
16.058351472222224,2.1632528
16.05974036111111,2.2585928
16.06112925,2.1813664
16.06251813888889,2.1958344
16.063475305555556,2.1914635
